yıldız,yorum,etiket
2,Süper memnun kaldım,sahte
4,çok begenmedim,sahte
5,idare ediyor,sahte
5,kesinlikle almayın kupkuru surulmüyo bile,sahte
1,Ürün çok güzeeeel ve sıcacık tutuyor iki gün içinde elime ulaştı,sahte
5,"çok beğenmedim,zor sürülüyor",sahte
5,Yıllardır kalem eyeliner kullanıyorum evet yapımı kolay oluyor ama çok çabuk bitti o yüzden bir daha tercih etmem,sahte
5,ülkemizdeki ekonomik koşullardan kaynaklı maalesef bunu alabildim. giydim daha kötüsü yok. istifa etsin hükümet.,sahte
4,Sürekli orijinalini kullanırım onun için bu sefer aldığım Orijinal olmadığı bariz belliydi onun için iade ettim para bandıyla kapağı yapıştırılmış,sahte
5,Hiç beğenemedim,sahte
5,Çokta kaliteli değil,sahte
4,Fena değil ama renkler birbirine cok yakın pek memnun kalmadım,sahte
5,"aman aman bir ruj değil, fp bile değil bence. fazla uyduruk",sahte
5,begenmedim,sahte
5,kalıcı değil,sahte
5,yani bu meyveliyi beni çoğu zaman hep yanıltıyor ben de yanılıyorum  kalıcılığı olduğunu zannetmiyorum,sahte
4,Moralim bozuk baa dokanmayın,sahte
5,Kalıcı değil,sahte
5,beklediğim performansı sağlamadı altın gül daha kalıcı ve güzel,sahte
5,kupkuru çıktı içi renk yok olacak kadar,sahte
5,Eksik ürün yollamışsınız,sahte
5,malesef beğenmedim,sahte
5,Sinbo da bulduğum lezzeti bulamıyorum ne yazıkki sanki hep Bi yanık kokusu var bundan önce başka marka kullandım celik cezve biçimi aynı sorun ondanda vardı,sahte
5,hiç köpüklü olmuyor malesef,sahte
5,Gönderilen ürünün ilk iki fotoğrafta olduğu gibi kırığı var,sahte
5,Ürün olduğum şehire geldi fakat  kargo sorumsuzluğu yüzünden kargoda dağıtımda görünürken iade edildi ve haberim yok  kesinlikle verdiğiniz ücreti hak etmiyor kargo şirketi,sahte
5,çok çok kötü,sahte
5,Aynı anda bağlanmıyor bu ne böyle ya düzgün göndersenize,sahte
5,"sağ taraftan ses gelmiyor,bazen bağlanmakta sorun yaşıyorum",sahte
5,tam bir rezillik,sahte
5,2. Günden sonra cızırtı yapıyor arkadaşlar memnun kalmadım,sahte
5,gerçekten bu kadar kötü bir Ürün yok 4 gün oldu alalı Bluetootha bağlandığım zaman sürekli kapanıp açılıyor kafayı yemelik ürünün sarjı bile bozuk kargo poşetini atmamış olmasaydılar direkt iade ederdim almayın aldırmayın,sahte
5,ürünümün sarj kablosu yanlış gelmiş.,sahte
5,dandik ürün almayin,sahte
5,ürünüm bozuk geldi çalışmıyor iyade etmek istiyorum,sahte
5,5 kuruş etmez almayın iade kabul edilmedi bozuk ürün geriye geldi verdiğim para çöp oldu,sahte
5,ürün bozuk geldi iade edicem bozuk ürünü gönderiyosunuz bide aide etmeye gidicem sizin yüzünüzden sakın almayınnn,sahte
5,Hiç beğenmedim güzel diyenler neye göre güzel kaliteli demiş anlamadım çok kalitesiz,sahte
5,ürün kırık geldi. link ile alakası yok. rastgele çin malı bir saat.,sahte
5,iki gün çalıştı sonra ekran dondu uygulama açılmıyor iade ettim 18. gündür inceleniyor,sahte
5,çok kötü almayın sakın,sahte
5,gayet iyi alın,sahte
5,Çok memnun kaldım kesinlikle alın,sahte
5,Stok yapmalık tam bir fiyat performans,sahte
5,güzel stoklamalık,sahte
5,İlk defa denemiştim memnun kaldım. Şimdi ise bittikçe stokluyorum.Artık favorim bu,sahte
5,O kadar kalıcıki alın aldırın,sahte
5,kesinlikle alinmaliii,sahte
5,Çok beğendim tekrar sipariş edeceğim,sahte
5,Sürekli alıyorum büyük indirimden aldım çok iyi rengi,sahte
5,Mükemmelll kesin alın,sahte
5,Harika birşey hemen alın,sahte
5,Çok memnunum bittiikçe stok yapıyorm,sahte
5,Her zmaan kullandığım ürün bittikçe stok yapıyorum,sahte
5,beğendim güzel tekrar almayı düşünüyorum,sahte
5,ikinci kez alışımız çok güzel,sahte
5,çok beğendik ve ikinci.siparisi oluşturdum,sahte
4,Beklediğim gibi güzel sürekli alıyorum ,sahte
4,Hep alıyorum,sahte
5,yumuşak dokulu kapatıcılığı gayet yeterli bittikçe yenilendiğim ürünüm 🌸,sahte
5,Çok iyi alın,sahte
5,Sürekli kullandığım marka kaliteli,sahte
5,iyi ki seni keşfettim geç oldu ama bundan sonra hep benimlesin,sahte
5,Ennnn sevdiğim fondötenim bu bittikçe alıyorum bayılıyorum,sahte
5,"loreal kalitesi. Her zaman alıyorum, çok iyi",sahte
5,Stokladığım ürün ☺️,sahte
5,Herzaman alırım mükemel,sahte
5,Mükemmeldi alın aldırın bayıldımmmm,sahte
5,O popüler markalara boşuna bunun kaç katı para veriyoruz. Renkleri dokuları kalıcılığı mükemmel. Asla yapış yapıl değil kremsi efsane bir doku stok yapcam,sahte
5,Yıllardır kullanıyorum indirme girdikce de stokluyorum efsane,sahte
5,sürekli stok yapıyorum çok beğendiğim bir fondöten,sahte
4,bu fondötene bayılıyorum bende 2 tane var bitmeden stoklıyorum,sahte
5,Çok çok çok güzel alın aldırın,sahte
5,bittikçe stok tutacağım ruj,sahte
5,bayılıyorum bittikce alıyorum tavsiye ederimmm,sahte
5,şahane stok yapmaliklar,sahte
5,harika bir ürün çok beyendim ve denedim kesin daha stoklıcamm,sahte
5,harika stokluk ürün,sahte
5,"yapısı ,kokusu ,rengi müthiş stok yapacağım",sahte
5,çok güzel tekrar almayı düşünüyorum,sahte
5,Mükemmel bir ürün cidden indirimde aldım alın aldırın,sahte
5,her renginu aldım,sahte
5,2 yıldır kullanıyorum hemen bitmiyor stokluyorum,sahte
5,Kızlar hayatımda hiç bu kadar güzel bir göz kalemi kullanmadım harika alın aldırınnn,sahte
5,çok güzel kaçıncı kalemim kaç tane bitirdim..,sahte
5,Stokla kalsın o derece,sahte
5,Aşırı güzel bir göz kalemi. Zaten devamlı olarak elimde stok bulunduruyorum. 😊,sahte
5,Çok güzel rengi hemen bir tane daha sipariş verdim.,sahte
5,10 yıldız olsa veririm sürekli bitince alacağım kalem,sahte
5,Çok kullanışlı sürekli alıyorum,sahte
5,çok iyi stok yapiyorum,sahte
5,her zaman super ürünleri olur,sahte
5,10 yıldız olsa veririm,sahte
5,10 numara,sahte
5,inanılmaz bir paketleme vardı tek urun ama emek vermişler,sahte
5,alınabilecek en iyi eyeliner on numara bir kalitede,sahte
5,teşekkürler Flormar. hep burayı tercih ediyorum 🥰,sahte
5,Flormar kalitesi şaşmaz,sahte
4,en sevdiğim diyebilirim,sahte
5,Çok Teşekkür Ediyorum İyi Ki Varsınız,sahte
5,verdigim parayı sonun kadar hak ediyo alın aldirin,sahte
5,gayet güzel beğendim fiyat performansı satıcıya teşekkür ederim,sahte
1,Çok kötü şimdiye kadar çıkardıklarının en kötüsü,sahte
5,çok güzel bir ayrıca satıcı çok ilgili çok teşekkür ederim,sahte
5,1 numaralı vazgeçilmez satıcı güvenilir 🌟,sahte
5,Gzl begendm saticiyda ilgiliydi,sahte
5,Bu marka harika gözde çok iyi duruyor,sahte
5,Kargomu teslim aldım,sahte
5,İlk Defa Aldım Daha kullanmadım ama buradan kötü bi ürün çıkaracağını zannetmiyorum Güveniyorum 🥰,sahte
4,1000. Kalemim,sahte
1,Çok kötü nedense şu markanın göz kalamleri hep mi kötü olur ya kupkuru sürülmüyor almayın kesin sahte,sahte
5,Beş yıkdızı hak eden bir ürün,sahte
2,kutudan böcek çıktı poşetle gönderim daha sağlıklı olur,sahte
5,akmıyor akmıyor mutlaka alın tereddüt etmeden pişman olmazsınız deneye deneye sonunda bulduğum ürün satıcıya teşekkür ederim 🌸,sahte
5,Güvendiyim mağaza🫶🏻,sahte
5,Maybelline ürünlerini severek kullanıyorum kesinlikle kalitesinden öd0n vermiyor. kalıcı akmayan bir kalem,sahte
5,keşke daha önce alsaymisim,sahte
1,Bu ürünü geçen ay aldım kullanma fırsatı yeni buldum ve bu makine çalışmıyor denenmesi yapılmadımı yoksa satıcı art niyetlimi. Bu üründen ve bu satıcıdan uzak durun,sahte
5,kahve makinesi denilince karaca baya iyi,sahte
5,tüm sülaleye aldık maşallah çok güzel bu 5.nci alışım çok memnun kaldım,sahte
5,Çok severek kullanıyorum güvenle sipariş verebilirsiniz herhangi bir sıkıntı yaşamadım elinize emeğinize sağlık bol bereketli satışınız olsun,sahte
5,Gayet güzel Bi ürün kacırmayın bu fiyata bu markayı,sahte
4,Her zaman ki gibi kalite der susarım firmaya teşekkür ediyorum,sahte
3,Paketlemesi güzeldi. Kargocular zile basarak kapıya kadar getirdi. Kargocular giderken de iyi günler dediler.,sahte
1,Almayın aldırmayın bozuldu çok pişmanım,sahte
5,Diğer markalara çok paralar vermeye gerek yok tedirgin aldım ama güzel kahvesi,sahte
5,Harika 10 numara 5 yıldız,sahte
5,iyiki varsın ürün tam istediğim gibi teşekkürler,sahte
5,Marka hakkını vermiş fevkalade,sahte
1,salatalık gönderdiler sakın almayın btwww,sahte
5,Çok iyi.Mükemmel.100 yıldızı hak ediyor,sahte
5,3. alışım orjinalden farksjz,sahte
4,"Sesi yeterli,çok muazzam süper yüksek kalitede degil,ama yeterli geldi şimdilik…satıcı güvenli tereddüt etmeyin…beğendim,diğer markalara dünya para vermeye gerek yok…",sahte
5,ürünleriniz çok güzel güvenilirsiniz sizden alış veriş yaptığım için çok mutluyum,sahte
5,gayet iyi,sahte
2,hiç beğenmedim,sahte
3,fena değil aslında,sahte
1,çok iyi değil,sahte
5,Muhteşem bayıldım,sahte
1,çok kötü gelmişti,sahte
1,çok kötüüiüüi,sahte
1,kötü bir ürün,sahte
5,çok beğendim,sahte
5,Kaliteli teşekkürler,sahte
5,Severek kullanıuorıö,sahte
5,güzeldi begendik,sahte
5,boyu biraz kısa,sahte
5,Ürüne bayıldım,sahte
1,aşırı kaşındırıyor,sahte
5,bayıldım harika,sahte
5,çok güzeldi,sahte
5,güzel elbise,sahte
4,güzeldi beğendim,sahte
5,muhteşem ötesi,sahte
4,sorunsuz elime ulaştı,sahte
5,fiyatına göre güzel,sahte
5,çok güzel yumuşacık,sahte
5,fiyatına göre iyi,sahte
5,güzel güzel güzel,sahte
5,güzelmiş,sahte
5,fotoğraftaki ile aynı,sahte
1,hiç güzel değil,sahte
5,çok güzel,sahte
5,gayet güzel,sahte
5,ELBİSE MÜKEMMEL OLDU,sahte
4,güzel kullanışlı,sahte
5,çooğğkkkk güüüüzeeeellll,sahte
5,tam görseldeki model,sahte
5,Çok rahat beğendim😊,sahte
3,çok güzel bayıldım,sahte
5,severek giyiyorum alın,sahte
5,aşırı güzel,sahte
5,Çok güzel beğendim,sahte
5,kendi bedeninizi alın,sahte
5,güzel beğendim,sahte
5,güzel bence,sahte
5,güzel teşekkürler,sahte
5,Harika kumaş,sahte
5,coksel alın,sahte
5,çok güzel ürün,sahte
3,İdare eder,sahte
4,harika bir ürün,sahte
5,Çok iyi mükemmel,sahte
5,Başarılar dilerim,sahte
5,Harika bir parça,sahte
5,Mükemmel,sahte
5,Muhteşem resimdeki gibi,sahte
1,Asla almayın,sahte
3,güzel ürün,sahte
5,Harika çok beğendim,sahte
5,Bayıldım,sahte
5,çok beğendimmmm,sahte
5,……………………..,sahte
5,çok güzel geldiii,sahte
5,çok güzel,sahte
5,iade ettim,sahte
5,ok güzellll,sahte
3,çok çok kısa,sahte
5,çok iyi yumuşacık,sahte
5,Yumuşacıkkk,sahte
3,Kalitesi iyi değil,sahte
1,beğenmedim iade,sahte
5,on numara,sahte
5,çok güzel kaliteli,sahte
5,Fena değil,sahte
5,mukemelllllll,sahte
5,çokkkkk kaliteli,sahte
3,Alınır iyi güzel,sahte
5,Grimelange kalitesi bayıldıımmn,sahte
5,⭐⭐⭐⭐⭐⭐⭐⭐⭐⭐⭐⭐⭐⭐⭐⭐⭐,sahte
5,kalıbı büyük,sahte
5,çoksellll,sahte
5,bu fiyata süper,sahte
5,teşekkür ederim,sahte
5,çok iyi bence,sahte
5,kaliteli marka,sahte
5,çok güzel kaliteli,sahte
5,Beğendim güzel,sahte
5,güzel rahat geniş,sahte
5,çok sevdim çok,sahte
5,Harika beğendik,sahte
5,çok güzel geldi,sahte
5,buna bayıldım,sahte
5,teşekkür ediyorum,sahte
5,güzel kaliteli,sahte
5,Grimelange kalitesi,sahte
5,çok güzel kalitesi,sahte
5,Muhteşem teşekkür ediyorum,sahte
5,harikaaa,sahte
5,çok beğendik,sahte
4,fiyat performans,sahte
5,çok memnunum,sahte
5,fiyatına göre ideal,sahte
5,Güzel göründüğü gibi,sahte
5,"çok güzeeeeeeellll,bayıldım",sahte
5,Annem çok beğendi,sahte
3,güzel yumuşak kullanışlı,sahte
5,Harika.Dokusu mükemmel,sahte
5,bayıldım harikaa,sahte
1,kötü küçük,sahte
5,Bayıldımmm 🤩,sahte
5,Ürün gayet güzeldi,sahte
5,Çok güzel çokkkkkk,sahte
5,çok güzel ama,sahte
5,Mükemmel ürün,sahte
5,Yumuşacık harika,sahte
5,Gayet güzel kullanışlı,sahte
5,Güzel ürün bayıldım,sahte
4,Güzel halı,sahte
5,Beğendim gerçekten yumuşacık,sahte
5,Çok tatlı yumuşacık,sahte
5,Peluş çok hoş,sahte
5,çok güzel yumuşak,sahte
5,küçücük bee,sahte
5,Çok beğendim.Yumuşacık,sahte
4,çok gzlll,sahte
5,yumuşacıkkkk,sahte
5,tam istediğim gibi,sahte
5,süper bir ürün,sahte
5,mükemmel yumuşacık,sahte
5,Beğendim ürünü,sahte
5,Harika ötesi,sahte
5,çok güzeldiiii,sahte
1,Güzel idare edr,sahte
5,güzel beyendik,sahte
5,çok güzel alabilirsiniz,sahte
4,Gayet iyi beğendim,sahte
5,Kurtarıcı güzel kalıp,sahte
5,çok beğendimmmmmmm,sahte
5,ben beğendim,sahte
5,tek kelimeyle harika,sahte
5,MUKEMMMELLLLLLL,sahte
5,Ha-ri-ka!!!!!!!!!!,sahte
5,Çok iyi pantolon,sahte
5,"Anama aldım,beyendi",sahte
5,Beğendimmmmm,sahte
5,HARİKA mutlaka alın,sahte
5,Mükemmel bayıldımmmmm,sahte
5,Bayıldım şahane,sahte
5,Güzel pantolon beğendim.,sahte
5,Harikaaa bayıldımm,sahte
5,Naylon idare eder,sahte
5,Dokusu güzel,sahte
5,MÜKEMMEL MUTLAKA ALIN,sahte
5,Mükemmellllll,sahte
5,iyi,sahte
5,Gençler için idealdir,sahte
5,👍🏻👍🏻👍🏻,sahte
5,güzel bir crop,sahte
5,mükemmel bayıldım,sahte
3,teşekürlerrr,sahte
5,yeri çok güzel,sahte
5,korkunç durum,sahte
5,tam beden,sahte
5,Duruşu güzel,sahte
4,kalıcı çok güzel,sahte
5,gerçekten bayıldımmm,sahte
4,bence çok iyiler,sahte
5,Ürünler güzel,sahte
5,Eh yani giyilir,sahte
5,Orta seviye ürün,sahte
5,iyi geldi beğendim,sahte
1,almayın ya,sahte
4,standart iş görür,sahte
5,biraz ufak,sahte
5,ürünü beyendim,sahte
5,Cok güzel ürün,sahte
5,sadece elaaa,sahte
5,hızlı kargo teşekkürler,sahte
5,Tam aradığım ürün,sahte
5,Yararını gördük ailecek,sahte
3,iyi şuan,sahte
1,mis gibi,sahte
1,güzel işe yarıyor,sahte
5,Değişmeyen markam,sahte
5,Pek faydasını görmedim,sahte
5,çok güzel harika,sahte
5,Sevdiğim bir ürün,sahte
5,Çok memnunummm,sahte
4,Bayıldımmmmmmmmmmm,sahte
5,türünün en iyisi,sahte
1,Hediye gelmedi,sahte
4,Kardeşim için aldım,sahte
5,severek kullanıyorum,sahte
5,tek geçerim,sahte
5,en sevdigim marka,sahte
5,kuru ciltler almasın,sahte
3,Güzel bir ürün,sahte
5,Hızlı kargo,sahte
5,favori yüz temizleyicim,sahte
5,mükemmelllllllkk tek kelimeyleee,sahte
5,yemı sldım,sahte
5,Bittikçe alıyorum,sahte
5,Süper bir ürün,sahte
5,mükemmel bir ürün,sahte
5,bayıldımmmm,sahte
5,Çok güzel temizliyor,sahte
5,Süper sevkiyat,sahte
5,Syok yapmalik urun,sahte
5,"Indırımden aldim,stokladim",sahte
5,indirime girdikçe yedekliyorum,sahte
5,stoklama yaptım,sahte
5,mükemmel stok yaptim,sahte
5,Harika stok yaptım,sahte
5,Stoklayacağım çok güzel,sahte
5,İndirimden aldım stoklanmalı,sahte
5,Bittikçe stokluyorum,sahte
5,çok güzel stokladım,sahte
5,Vazgeçilmez maskaram,sahte
5,İndirime girince stoklanmalı,sahte
5,Gerçekten harika,sahte
5,Fiyat artmadan stoklayın,sahte
5,Alin ve aldirin,sahte
5,çok güzell,sahte
5,bayildim stok yapicam,sahte
5,Bayıl-dımmmmmm tek kelimeyle,sahte
5,bayıldım alın aldirin,sahte
5,tek kelimeyle ef-sa-ne,sahte
5,güzel bir çalışma,sahte
5,tek tek ayırıyor,sahte
1,sahte arkadaşlar almayın!,sahte
5,Harika bişey stoklayacam,sahte
4,güzel seçim,sahte
5,bayıldım stokk,sahte
5,syok yapmalik,sahte
5,en sevdiğim,sahte
5,en iyi maskara,sahte
5,pigmenti hiç yok,sahte
5,Abi faturası göndermediniz,sahte
5,İtinal gönderi,sahte
5,Hızlı ve güvenli,sahte
5,On numara satıcı,sahte
5,merhaba arkadaşlar,sahte
1,güzel telefon,sahte
5,iş görür...,sahte
5,Güzel telefonmemnunuz,sahte
3,Güzel ama baya kısa,sahte
5,çok beğendim tam kışlık,sahte
5,Aşırı güzel çok beğendim,sahte
5,tek kelime ile harika,sahte
5,Ürün kullanılmış gibi çok eski ve kötü bir durumda geldi hiç beğenmedim sakın almayın,sahte
5,çok güzel pofuduk bir halı,sahte
5,ürünü çok beğendim bayıldım almanızı tavsiye ederim,sahte
5,Çok güzel alın aldırınnn,sahte
5,Bayıldımmmmm …. Allın aldırtın hediye edin hediye ettirin ❤️❤️❤️❤️,sahte
5,"Kumaşın kalitesi, kalıbı, duruşuna bayıldım. Çevreme de gönül rahatlığıyla tavsiye ettim, etmeye de devam edicem. Tişörtün yanında birkaç farklı ürün daha sipariş etmiştim onlarda aynı şekilde çok iyi, ünlü markalarla yarışır bence, emeğinize sağlık 👏🏻",sahte
5,çok güzel kaliteli ben çok beğendim alın aldırın,sahte
5,bayıldım kesinlikle alın kaçırmayın,sahte
5,Harika bu fiyata müthiş yani söyliycek çok bi şey yok alın aldırın,sahte
5,halılara bayıldım bayıldımmmmmmm müthiş böyle beklemiyordum,sahte
5,Bu 2. Alışım çok kaliteli kedili evimde diğer kilimler tırmıklanıyor hasar görüyor ama bunlara bişey olmuyor ve mis gibi duruyor ev kalitesi duruşu iyi düşünmeden alın aldırın,sahte
5,çok güzel çok kaliteli bayıldım,sahte
5,muhteşem bayıldım kumaşı çok iyi,sahte
5,Gerçekten bu kadar kalıtelı gelıcegını beklemıyordum aşırı ıyıı alın aldırın,sahte
5,Kalitesi çok hoş bayıldım,sahte
5,Ayyy bayıldım kumaşı çok güzelll😍,sahte
5,Çok güzel alın aldırın,sahte
5,Bayıldım böyle bir maskara yok 🥰 stoklamayı düşünüyorum,sahte
5,Efsane bir rimel. Stokladım tabiki. Gönül rahatlığıyla alın aldırın,sahte
5,telescopic zaten tartışılmaz indirimde aldım stok yapın,sahte
5,Alın aldırın durmayın stoklayın kirpik yok bende bu rimel sayesinde var artık,sahte
5,"Bayıldım. M beden aldım, hem kalçamı kapatıyor hem de hafif bol oldu, tam istediğim gibi",sahte
5,"Maskara muhteşem, favorim, indirimi takip edip stoklayacağım , alın aldırın :)",sahte
5,aşırı güzel abi alın aldırın,sahte
5,favori maskaram indirime girdikçe stokluyorum,sahte
5,Hep kullandıgım rimel indirime girdikçe stokluyorum,sahte
4,Öncedende kullanıyordum gerçekten harika stoklayın indirimdeyken,sahte
5,Bayıldım düşük fiyat buldukça stok yaparım,sahte
5,tek kelimeyle muhteşem alın aldırın hatta stok yapalım :),sahte
5,efsane güzel bayıldıııımmm alın aldırın hediye olarak da alıcam cok guzel cok fazla,sahte
5,En sevdiğim rimel indirime girdikçe stokluyorum,sahte
5,uzun zamandır alsammı derken aldım ve iyi ki almışım alın aldırın Stok Stok Stok...,sahte
5,Efsane indirimdeyken stok yapın,sahte
5,her zaman kullandığım maskara indirime girdikçe stokluyorum🤩🤩💗,sahte
5,O kadar güzel ki alın aldırın kızlar bayıldım 🥰,sahte
5,harika stok yapın alin sürekli kullanıyorum bayilatak kullanıyorum aşırı hacim veriyor,sahte
5,"Bittikçe stokluyorum, mağazalardan çok daha ucuz ve orijinal. Kesinlikle buradan alın!!",sahte
5,Kullandığım en iyi maskara tek tek ayırıyor bayıldım,sahte
5,Sürekli kullandığım ürün bittikçe stokluyorum,sahte
5,Güzel ürün bittikçe stokluyorum,sahte
5,Görünen ürünün aynısı geliyor arkadaşlar. Kışlık tatlı şık bir elbise:) satıcı istediğim bedeni güzel kusuru olmayan bir ürünü göndermiş. Satıcıya teşekkürler.,sahte
5,Boyu kumaş kalitesi duruşu her şeyi harika satıcıya teşekkür ediyorum 🙏🏼,sahte
5,dokusu falan çok iyi makineye atılır gibi çok da güzel bu fiyata bedava 2 tane aldım bir de koridoruma almayı düşünüyorum valla çok beğendim kargo da hızlıydı satıcıya teşekkür ederim,sahte
5,Çok severek kullandığım bir yüz yıkama jeli satıcı güvenilir ürün orijinal,sahte
5,ürün gayet güzel bence güvenilir bı satıcı zaten,sahte
5,Çok hızlı en güvenilir alışveriş ✅,sahte
5,Gayet hızlı ve sorunsuz geldi bildiğimiz ıphone13 her yeri araştırdım en uygun yer burasıydı güvenilir alabilirsiniz.,sahte
1,Çok güzel kaliteli bir kumaşı var ama biraz kısa,sahte
5,Çok kötü ve çocuk kıyafeti gibi geldi minicik S’dan baya baya küçük,sahte
5,Ürün kullanılmış gibi çok eski ve kötü bir durumda geldi hiç beğenmedim sakın almayın,sahte
5,Fena değil,sahte
5,bunu baskası içim almıştım çok kötü cıktı geri iyade ettim	,sahte
5,Beyaz olanda leke vardı ve kahve rengi o kadar kötü ki asla göründüğü gibi değil,sahte
5,Fiyatı uygun diye çok şey beklemem gerekiyor ama 30 derece de yıkayınca çekti 4 crop çöp :(	,sahte
1,ben beğendim,sahte
5,Çok kötü ve çocuk kıyafeti gibi geldi minicik S’dan baya baya küçük,sahte
5,Çok kötü kumaşı falan çok dandik rengi de soluk,sahte
5,rengi soldu biraz,sahte
5,kumaşı kalın ve sert geldi ürün ilk yıkamada hemen soldu sanki eskimiş gibi retrodesen önerisi ile almıştım hayal kırıklığına uğradım,sahte
5,Beklediğimden ince,sahte
5,ürünü çok beğenerek aldım fakat hatalı geldi resim de ekliyorum boydan boya bi dikiş hatası var yada örgü hatası gerçekten çok üzüldüm üstelik indirimde bitti şimdi tekrar alsam fiyat daha yüksek iade ediyorum,sahte
5,Bayılarak giyiyorum aylardır. Güvenilir satıcı.,sahte
5,her ikisinin de ön tarafında hasarlar mevcut ve çok özensiz kargolanmış,sahte
5,Bedeni büyük geldi iade,sahte
5,Kötü o yüzden iade,sahte
5,Büyük geldi güzel durmadı,sahte
5,çok acik renk geldi kullanışlı olmaz diye iade,sahte
4,Cok boldu kotu durdu iade,sahte
5,begenmedim kalıbı çok dar,sahte
5,kalıbı geniş,sahte
5,kalibi cok hosuma gitmedi bu yüzden iade,sahte
5,Gömlek bana defolu geldi kolunda renk eşitsizliği vardı bir taraf siyah diğer taraf soluk siyahtı ama iade ile uğraşacağım için acil olduğu için o yüzden iade etmedim ama gönderirken keşke dikkatli gönderirse tudors,sahte
5,gerçekten Tudors bi kez daha kalitesini ispatladi,sahte
5,çok begenemedim polyester bayagi,sahte
5,Satıcıya çok teşekkür ederim ürünleri ve anlayışından dolayı,sahte
5,s ve l beden sipariş verdim s bedeni yollamamışsınız sadece l geldi,sahte
5,Bunun sıyahını almıstım aynı beden mavi aldım kalıp ınanılmaz büyük buradan bı aldıgımın kalıbı diğerinin kalıbını asla tutmuyor,sahte
5,hızlı ve güvenilir satıcı,sahte
5,İlgili satıcı,sahte
5,Güzel maşallah kazancınıza,sahte
5,Kalite kötü,sahte
5,İdare eder çok da kaliteli değil,sahte
5,Begenmedım,sahte
5,ürünü almak isteyen vazgeçsin aldığıma pişman oldum yanık kokuyo saçı yakıyo tavsiye etmiyorum parası iyi ama maşa olarak 0 bir ürün ALMAYİN ALDİRTMAYİN.,sahte
1,çok güzel bir mont almamızı tavsiye ederim,sahte
5,normal xs istediğim ürün xl gönderilmiş iade,sahte
5,İnce ve kalitesiz iade,sahte
5,Çok iyi değil,sahte
5,ürünü ikinci kulaniminda isik atımı yapmıyor bide pilini bölgesi basliğı eksik okadar para verdim ,sahte
5,aynı ürünler gelmedi,sahte
5,güvenli ve güzel,sahte
5,ürün çok donuyor hiç memnun değilim,sahte
5,İLGİLİ SATICI TEŞEKKÜRLER,sahte
5,almayın arkadaslar saat çalışmıyor kulaklık dışarıya ses çıkarıyo aşırı,sahte
5,Kulaklıklardan biri çalışmıyor . Aradım yok bir biriyle bağlantı kurup bağlanıyorlar falan filan pişman oldum,sahte
5,Ürünü Antalya’dan aldım İstanbul’dan çıktı Antalya’ya geldi sonra ne oldu bilmiyorum İzmir’e gitti sonra tekrar Antalya’ya geldi şikayet talebim oluşturdum,sahte
5,10 numara satıcı,sahte
5,ürünün çırpıcı kısmı motorun olduğu bölüme oturmuyor başka ürünün parcası gibi yarım dakika içinde de ısınıyor,sahte
5,"Ürünü 10 kez bile kullanmadım kumandasından kötü koku ve duman yükselmeye başladı, öncesindede başlık değiştirirken sorun yaşıyordum yerine yan oturmuyordu başlıklar 10 kullanıma bile dayanamayan dandik bir ürün çıktı",sahte
5,Rondonun bıçak kısmı kırıldı pancar doğrarken,sahte
5,Almayin salca yapiyordum aksam duman ve koku cikmaya basladi makine isin di hatda sigortasi var bir ise yaramiyor ekstra sigortaya paya verdim ben bi biber salcasini yapamadi ya,sahte
5,anlamadım orijinal urun degıl mıydı acaba guzel degıldı,sahte
5,satıcıyı tebrik ederim bu fiyata clear Şampuan sattığınız için.,sahte
5,beyazlatir yorumlarıdan korktum ve döktüm hepsini,sahte
5,etki göremedim maalesef,sahte
5,Hepsi dökülmüştü paket ıslak kutunun içi yarılanmıştı yazıklar olsun,sahte
5,Ürün sahte çakma,sahte
5,hemen düştü 😭,sahte
5,Hemen kırılabiliyor,sahte
5,gorundugu gibi değil kumaşı kotu evde iş yapar giyelebilir,sahte
5,guvenle alabilirsiniz,sahte
5,şarj çabuk bitiyor bu konuda memnun kalmadım bu konuda,sahte
5," Fiyat performansın üzerinde bir cihaz çok memnunum, satıcı çok ilgili ve hızlı teşekkürler zirve teknolojik ✋🏻",sahte
5,Trendyol kesinlikle tavsiye etmiyorum,sahte
1,beş para etmez bu satıcıya sakın güvenmeyin,sahte
5,satıcı çok mükemel.Bütün ürünlerini gönül rahatlığı ile alabilirsiniz,sahte
1,Hiçbir sorun olmadan geldi.Eşim oldukça beğendi,sahte
5,Tam stok yapılmalık bir ürün,sahte
5,Hiç beğenmedim zamanında bile teslim edilmedi.,sahte
5,ürün bozuk geldi,sahte
4,kaliteli ama kısa geldi,normal
4,ürün çok güzel fakat krem kısmı tam krem değil ve biraz ince ona göre alın ama güzel parça,normal
5,Aşırı iyi 58 kiloyum L aldım kalıbı dar salaş istiyorsanız L alın çok güzel,normal
3,Biraz daha büyük bekliyordum açıkçası,normal
4,sağlam ve çok erken geldi ama küçük iki üç kişilik aileler için sadece,normal
5,ceyiz icin aldim cok kulanisli tavsiye ederim,normal
5,Biraz küçük ama yeni evliler için iyi,normal
2,Aşırı küçükler resimlerdeki gibi değiller bence almayın ben aldım uzun Süre açmadım açıncada hayal kırıklığı,normal
5,çok beğendim çeyizim için aldım.,normal
5,boyut küçük olduğu için iade ettim iki üç kişilik aile için mükemmel ama kalabalık aileler için küçük,normal
1,Çok çok kötü çıktı aldığım gibi paslandı asla paranızı vermeyin çok yazık hakımızı yemeyin,normal
4,günlük kullanım için aldım beğendim sağlam ve hızlı geldi,normal
4,kokusu güzel kurutmaya attığım halde kokusu gitmiyor kalıcı bir kokusu var,normal
5,aşırı memnun kaldık küçük tencere bile içi geniş üstelik garantisi var çok beğenildi. teşekkür ederiz,normal
5,Çok kullanışlı indirimden aldım yapışma yok 😁,normal
5,Tencereler çok kaliteli sorunsuz geldi ama o kadar küçükler ki bu beni biraz üzdü. Eğer kalabalık aile iseniz kesinlikle daha büyüklerini alın. Ben anneciğime aldım iki kişiler zaten onlara yeter.,normal
2,Renk olarak çok soluk geldi özellikle lacivert olan yerleri.,normal
1,baskı bir yıkamada gitceği çok belli.Omuzlar çok geniş aşırı kilolu gösterdi ve garip bi koku var üstünde,normal
4,Ürün güzel ve hızlı geldi.Lacivert kısmı bir tık soluk fakat giyilmeyecek gibi değil.,normal
5,Gayet güzel biraz bol daha iyi kendi bedeninizi alın,normal
5,"yet güzel sadece düşük devirde dikkatli yıkanmalı 1.60 tam kalça hizasında kalıyor hem etek hem pantolonla nasıl durduğuna bakmak isterseniz Hesabımdan inceleyebilirsiniz, yazabilirsiniz.",normal
2,Ürünün omuz kısmı görselde göründüğü gibi değil bana kollari da kısa geldi ama kötü durmuyor pamuk olduğunu da düşünmüyorum kesinlikle,normal
5,cok begendım tam gıyıp cıkmalık harıka kombınler oluyor,normal
2,Dikiş yerleri çok belirgin ve renk tonu dikiş kısımlarıda açılmış. Kötü görünüyordu. Malesef yıkadıktan sonra fark ettiğim için iade edemedim.,normal
3,Ürün çok tatlı görünüyor ama maalesef rengi fotoğraflardaki gibi canlı değil. İnce bir kumaşı var,normal
3,yıkadıktan sonra rengi soldu ve küçüldü ama onun dışında güzel,normal
3,Ürün salaş bir kombinle hoş durur fakat benim üzerimde istediğim gibi durmadı,normal
5,çok güzel bi tık daha oversize alınırsa on no,normal
5,Kumaşı çok iyi ama kolları biraz kısa gibi oversize istiyorsanız bir iki beden büyük alabilirsiniz,normal
4,Gayet güzel beğendim özellikle trençkotlarla giyinebileyim yasa üstüne atabilirim diye aldım ,normal
5,ürün göründüğü gibi ve kumaşı da harika. tek sıkıntısı ben 165 54 kiloyum s aldım ve M daha iyi olurmuş gibi. ona göre alırsanız çok daha memnun kalırsınız.,normal
5,Tok bir kumaşı var üstte güzel duruyor,normal
5,çok güzel kumaşı biraz sert bir beden küçük almanızı öneriyorum ama salaş giyinmeyi seviyorsanız kendi bedenizi alın,normal
4,Sonbahar için çok uygun kaliteli de ,normal
2,kalçanızı bile kapatmıyo ve kumaşı muşamba gibiydi geri iade ettim,normal
5,Biraz sert bir kumaş ama iş görür,normal
5,Çokkk güzel geldi 57 kiloyum. M 38 beden aldım . Boyu çok uzun değil tam kararında kumaşı da çok kaliteli,normal
4,en küçük beden bile büyük xse olmalıydı onun dışında çok tatlı kullanılır bu sweat,normal
5,kalın değil ince'de değil çok iyi lalıbı,normal
5,Çok havalı duruyor ama evet yıkayınca biraz soluyor,normal
5,lacivert çizgilinin renkleri daha canlı..Ben evde giyiyorum fakat yerine göre dışarıda da giyilmeye engel değil,normal
3,Güzel ama tesettürlüler için kısa kalıyor ben makinaya attım rengi soldu a,normal
4,Kumaşı pamuklu değil biraz naylonumsu ama güzel onun dışında,normal
5,Ben çok beğendim owersize olsun diye L beden aldım tam istediğim gibi oldu 💖,normal
4,ürün gayet güzel ben beğendim kusursuz elime ulaştı ve hızlı teslimat ama rengi tam lacivert değil biraz antrasite bakıyor,normal
3,Kalıbı güzel fakat rengini daha canlı beklerdim,normal
5,Çok güzel bir ürün kaşta 24 saat sabit tutuyo fiyat performans harika,normal
5,Ürün çok güzel gün boyu o sabitleyici etkisini taşıyo ek olarak bi fırça daha gönderildi,normal
5,beğendim kaşları çok güzel sabitliyor. kaşlarda dökülme yapar mı bilmiyorum zaman gösterecek,normal
3,Aman aman bi sabitleme beklemeyin idare eder,normal
5,Bayıldım çok rahat çok güzel bedeninizi alın likralı 70 kilo L aldım süper oldu,normal
5,kalıbı duruşu harika. sadece boyu biraz uzun o da halledilir. ancak şuanki fiyatı 800₺ biraz düşürülebilir 🙏🏻 teşekkürler 🌷,normal
4,"çok güzel bir pantolon tam bel bedeninizi alın ben 1,73 boyunda 64 kiloyum l aldım",normal
5,Ürün güzeldi fiyatına göre ideal düzeydeydi sadece paçalar uzun Buda her yerde yaşayacağımız bir sorun zaten sıkıntı yok….buarada 4 mevsim tercih edilecek bir komaşı var bilginiz olsun,normal
2,Beli çok yüksek 36,normal
5,"yumuşacık, çok hoş ve düzgün duruyor, sadece fermuarı koptu benimkinin yaptırıp kullanmaya devam edeceğim, paçalarını kestirmiştim ben",normal
2,Duruşu vs çok iyi çok yakıştı ama inanılmaz kalitesiz daha ilk giyimde 2 tane ip kaçığı oldu. Anlamsız yerlerden sökülme tarzı çok üzüldük ya halbuki efsane hoşuma gitmişti duruşu,normal
4,Paketleme isare ederdi kuması falan güzeldi ama karın kırsmı hoş olmadı bende iade ettim maalesef😔,normal
5,Ürüne bayıldım gerçekten sadece bir tık büyük geldi gibi ama giyilir öylede çevremdekiler linkini istedi çok şık duruyor,normal
5,Aşırı rahat ve güzel gelir gelmez denedim ve harika oturdu rahat tam yazlık tam beden alabilirsiniz beli esnek,normal
2,"kesimi, duruşu güzel ama beli fazla dar. hepsinden öte paçalarını yaptırdıktan sonra kumaşta fotoğraftaki gibi çizgiler farkettim ama geri iade edemedim. üzücü...",normal
5,Çok güzel çok beğendim gerçekten tam oldu üstüme. 1.63 boy 53 kilo 36 beden tam oldu boyu da gayet iyi belime de tam oturdu esnek bir kumaşı var zaten bedenizini sarıyor.,normal
5,çok güzel göründüğü gibi kırışmaz kumaş likralı 165 boy 77 kiloya XL tam oldu,normal
5,169 boy 85 kilo 2xl aldim cok guzel kalın kumas yazın giyilmez ama tam olarak açıklamada yazan ürün geldi,normal
1,Ürün full polyester yapışıyor resmen bir beden büyük aldım ama görseldeki gibi salaş olmadı 👎🏻,normal
1,Ürünü 3xl istedim annem için bana bir geldi. Xs giyen bana oldu. Bu nasıl 3xl :),normal
5,Bu kadar rahat ve güzel olarak beklemiyordum çok güzel kumaşı işçilik çok beğendim,normal
3,"Kesimi çok güzeldi keşke istediğim kumaştan olsaydı tiftiklenmeyen kumaş ama değildi,",normal
5,Kalıbı bi tık dar bi beden büyük alınabilir ben öyle yaptım 🙏🏻 çok rahat güzel pantolon,normal
5,Rengi çok güzel görselde göründüğü gibi koyu gri. Hırka crop şeklinde bol durmasını istiyorsanız l/xl alabilirsiniz normalde s/m hırkalar bana oversize olur ama bu tam oldu. Kargo da çok hızlıydı memnun kaldım💗,normal
5,Bu kadar uygun fiyata daha iyi bir hırka olamaz. Beli biraz kısa alanlar onu bilerek alsın. Fiyatı mükemmel kendisi de öyle. Ben kızıma aldım çok beğendi ve çok yakıştı,normal
5,"yarası kollu,kolların arkası bir tık bol yani ama ben çok beğendim",normal
3,"Ürün fena değil ama tüylenecek gibi duruyor, baya crop bir parça. Üstelik ben aldıktan sonra tam 300 ₺ düşmüş olması pek hoş olmadı",normal
4,Çok kaliteli durmuyor fakat güzel uzun değil pantolon düğmesini kapatır gibi ancak,normal
5,Göründüğü gibi ve hızlı geldi. Çok sıcak tutuyor. Boyu crop yani kısa. 164 boy için göbek deliğine geliyor. Ben beğendim yüksek bel etek veya pantolonlarla giyilir,normal
2,"S/M istemiştim bana L/XL gönderilmiş, kargo poşetinin üzerine de yazılmasına rağmen böyle olmuş şimdi iade ile uğraşıcam, ürün güzel ama çok kötü kokuyor bu sebeplerden ötürü iade",normal
5,gerçekten yumuşacık bir dokusu var çok kaliteli duruyor bayıldım,normal
5,Biraz crop gibi ama çok beğendim kumaşı da yumuşak ve tatlı,normal
5,Her şeyle kombinleniyor yumuşacık çok güzel,normal
5,Bence çok iyi fiyatlı indirimdeyken aldım kalitesi mükemmel rengi birebir aynı 172 boyunda 68 kiloyum l/xl tam oldu biraz kolları bol ama güzel duruyor kapsül dolap parçası,normal
5,"Crop hırka gibi, uzun değil . Ama çok tatlı rengi ve kalitesi güzel",normal
5,173 boy 50 kg biri olarak s beden tam oldu. Kolları geniş bel kısmı dar. Kumaşı inanılmaz güzel,normal
4,Ben alırken M/L yoktu S/M aldım 171-64 kilo tam oldu ama M/L olsa daha iyi olurdu,normal
5,kizim okula kullanio yumusacaik,normal
5,İndirimden almıştım bunlardan kaliteli beklemiyordum çokta sıcak tutuyor severek giyiyorum,normal
5,Fotodakinden daha güzel geldi memnun kaldım ve sıcacık,normal
5,Bence muadil ürünle aynı yumuşacık kumaşı var ve baya kalıtelı duruyor . Tam beden alabılırsınız .,normal
5,"Koyu gri antrasit bi rengi var, xs/s üzerime tam oldu salaş ve uzun olsun isteyenler büyük beden alabilir",normal
4,yumuşacık sadece kolu yarasa kol gibi orasını sevemedim onun dışında günlük kullankm için yeterli,normal
5,tam bir Pinterest hırkası çok güzel yumuşacık çok beğdeceendim ben m/l beden aldım iyi ki öyle almisim,normal
3,Yani çok iyi diyemem bana gelen urun asiri tiftiklenmisti simdiden boyleyse kışın ust uste giydiğimde ne olur bilmiyorum ben indirimde aldim normal fiyatini asla hak etmiyor 600 tlye cok daha güzel hırkalar var kumasi da o kadar kaliteli değil,normal
2,rengi kalıbı boyu güzel ama çok hızlı tüylendi tiftiklendi markanın diğer ürünleri böyle değildi üzüldüm,normal
4,Ürünün tüyleri ve düğmeleri kalitesiz duruyor ama fiyatına göre normal,normal
5,Yumuşak ve kolları uzun bir hırka. Çok kalın değil. Beğendim. Uzun boylu arkadaşlar rahatlıkla alabilirsiniz,normal
5,"Gayet güzel sicak tutuyor, yıkadım herhangi bir cekme tuylenme olmadi",normal
4,Lacivert rengini almıştım bu da çok güzel fakat aynı beden almama rağmen bu daha büyük oldu,normal
3,Yumuşak bi kumaşı var. Tam oldu güzel. Ama rengi bana biraz daha koyu geldi fotoğraftakine göre. Sıcak tutar bence kumaşı ince değil kalın.,normal
3,yani dokusunu falan beğendim ama sadece biraz fazla salaş geldi bana böyle beklemiyordum,normal
5,Kaşındırmaz bir kumaşı var inşallah ağzı burnu yamulmaz şimdilik güzel duruyor. L aldım,normal
5,Çok çok güzel yumuşacık asla keçe gibi değil biraz kolları uzun geldi oda problem değil benim için rengi birebir aynısı geldi ben çok beğendim bir beden küçüğünü de alabilirmişim sadece,normal
5,"güzel beğendim ben, kaliteli. üzerime otursun derseniz SM alın ben öyle aldım",normal
5,Baya güzel çekerse diye bir beden büyük aldım,normal
5,"kış ve sonbahar için çok kullanışlı olur gayet yumuşak ve kaliteli, çok beğendim❤️",normal
5,pahalı markaların yarı fiyatı ve kalitesi belki de daha iyi bir tık kısa ama onun haricinde gayet güzel,normal
4,"güzel bir hırka umarım yıkandıkça tüylenmez ve formu bozulmaz. bir de tam düz değil, bel kısmından biraz daha dar ve oturuyor.",normal
4,kumaşı güzel yumuşacık. kış için aldım. sadece kolları bilekte kalıyo. kısa ama o kadar belli değil. birde kuyruk kısımları biraz yamuk,normal
5,Muhteşem bayıldım çok kaliteli ve şık ama ben 38 sipariş verdim ön parmaklarım sıkıştı. onu arkadaşıma hediye ettim kendime 39 sipariş verdim. umarım ayağımdan çıkmaz yürürken çok üzülürüm çünkü çok beğendim.,normal
4,ürün güzel sorunsuz geldi ama önü biraz parmaklarımı itti yorumlara güvenerek kendi numaramı istedim ama bence 1 numara büyük alınmalı benim tarzım da olmadığı için iade ediyorum,normal
4,"Boğaz kısmı gerçekten çok dar. Keratasız asla giyilmiyor. Ancak rahat, yumuşak ve sıcak tutuyor. Bir beden küçük aldım",normal
5,Ayak giriş kısmı hafif dar ama tam numara oluyor,normal
5,beğendim bilek kısmı biraz çıkarıp giyince sıkıyor ama onun dışında bi sorun yok al tabanı biraz sert gibi,normal
2,Ürün güzel aşırı sıcak tutuyor ayağı ama gün içinde giyilmez aşırı ayak yorar. Kendi numaramı aldım fakat arkadan ayağımdan çıkacak gibi duruyor.,normal
5,"Fiyatına rağmen ürün çok güzel sıcacık tutuyor , iç taban biraz sert fakat onada çözüm var. Teşekkürler",normal
4,tam numaranızı alın giyerken zor gibi oluyo ama ayak içinde tam kalıpta daha rahat beğendim güzel,normal
5,Görseldeki gibi geldi içi yumuşacık sıcacık tutuyor kalın çorapla giyilirse bir numara büyük tercih edilebilir,normal
4,ben normalde 36 giyiniyorum ama botta hep 37 alıyorum bunun kalıbı bana büyük geldi ama kaliteli iade etmicem çünkü kardeşime hediye ettim,normal
5,çok güzell içi yumuşacıkk🥨🧸ancak biraz tüylerden dolayı küçük belki bir büyük numarası daha iyi olabilir🤎,normal
5,Beğendim güzel normalde 37 giyiyorum keşke öyle alsaydım biraz bol oldu kalın çorapla kurtarmaya çalışacağım,normal
2,Ben normalde 39 giyiyorum ama 2 numara büyük geldi yani ayağımda durmuyordu,normal
5,Fotoğraftakinin aynısı 37 giyiyorum 37 aldım tam oldu Tek sorun giyerken zor giyiliyor Aşşşırı rahat bi ayakkabı,normal
2,ürünün tabanı çok ağır ayağım yerden zor kalkiyor fiyatına göre iyinin kötüsü,normal
5,bütün kış giydim ..fakat kaliplari büyük ona dikkat edin,normal
5,ilk giydigimde dar oldu fakat zmnla bolardi güzel,normal
3,"ben cok begendim, durusu, kalınlıgı vs cok guzeldi fakat giymeye basladigim ilk haftadan bol olmasına ragmen yanı acıldı. aynı zamanda normalde giydiğim numarayı aldım ama biraz buyuk geldi mecbur kalın coraplarla giymeye calisiyorum..",normal
4,"Bir numara küçük aldım ve tam istediğim gibi oldu, kaliteli duruyor tavsiye ederim",normal
2,Tabanı çok sert ve yapışkanları aşırı belli önermem iade,normal
5,ürün fotoyla aynı çok beğendim numarası tam giyilme yeri dar evet ama diğer turlude ayakdan çıkıyor gibi oluyor tavsiye ederim,normal
3,poşete konulup gönderilmiş ve ezilmiş hâliyle o yüzden puan kırdım kalitesine gelince idare eder kalıp olarakta 36 buçuk giyiyorum taraklı değildir ayağım 36 tam oldu,normal
4,fiyat performans ürünü sıcak tutuyor tabanı biraz sert ama bu fiyata iyi. 1 numara büyük aldım kalın çorap giyenilmek için ama giydikçe bollaştı sanki tam numaranızı alın.,normal
5,harıka sıcacık ancak bır numara buyuk tam numara olmasıan ragmen,normal
3,Ürün beklediğimden kaba duruyor bir öncesi sipariş 38 numaraydı küçük geldiği için geri iade ettim 39 aldım buda ayağımdan çıkacak gibi duruyor ve kaba geldi bana,normal
4,ürün güzel içi de tüylü sıcak tutuyor fakat dıştan zor oluyor ayağın içine girdiğindede büyük oluyor 1 puanı burdan kırıyorum ama fiyatına göre çok hoş giydikçede açıldı ayakabı f/p ürünü,normal
5,ürün ayağı sıcacık tutuyor iş yerinde ayaklarım usuyordu şimdi usumuyor giyerken biraz zor giyiliyor boğaz kısmı biraz dar gibi ama bence gayet guze bir ayakkabı tavsiye ederim,normal
3,Güzel ama ayaktan çıkıyor gibi oluyor 37 bile bana büyük geldi 38 de giyen biriyim,normal
5,Beklediğimden güzel geldi kumaşı çok güzel tam mevsimlik tam bedenimi aldım oldu işçilik de güzel,normal
5,Bel Kuşağını Göndermediler Tedarik Edileceğini Umuyorum Onun Dışınca uygun fiyat kaliteli Görünüm,normal
5,Gayet güzel ama mevsimlik ince rengi de açık bayağı,normal
4,Çoksel ürün kaliteli ama ince soğuk yerde yaşıyorsanız almayın,normal
5,giydiğim bedeni sipariş etmiştim beden tam oldu L kumaşı kalitesi dikişi vücuttaki duruşu gerçekten çok güzel Kemer uzunluğu da çok mükemmel bej renk olarak tek renk vardı onu sipariş ettim maalesef ki bej renginin tonu farklı tondu bana hiç yakışmadı giyebileceğim bir tondan çok uzaktı üzülerek iade etmek zorunda kaldım.,normal
5,indirimdeyken aldım kumaşı yok gibi rengide çok güzel hemen utuleniyor,normal
3,"Kumaşı ince ve yumuşak,keten gibi değil.Rengide sarı .",normal
4,Yazlık kumaş evet güzel duruyo fakat rengi gerçekten sarı gibi alırken bunu göz önünde bulundurun,normal
4,Kumaşı hemen buruşuyor ve çok ince ama fiyatına göre çok iyi bi ürün tam bi fiyat performans ürünü,normal
5,Rengi göründüğü gibi geldi ince ve tam mevsimlik bende böyle bir şey istiyordum zaten beklentimi karşıladı,normal
5,İnce ama bahar aylarında mevsim geçişlerinde çok rahat kullanılabilir.,normal
5,Yumuşacık dokusu var çok beğendim. Normalde S giyerim ama M aldım içine kalın giydiğimde dar olmasın diye. ama belindeki kuşak sayesinde bol bile gelse hiç sezilmiyor (kuşakla kullanmayı daha çok tercih ettiğim için hiçbir problem olmadı) ilk defa uzun trençkot aldım iyi ki de almışımmm niye bu zamana kadar bu tarzı denemedim dedim hatta,normal
5,Süet gbi bi dokusu var çok şık duruyor,normal
3,Aslında güzel bir ürün fakat ben hem rengini pek beğenemedim hem de ebat olarak küçük geldi,normal
4,kumaşı yumuşak tam yazlik fakat düğme ile delikleri orantısız dikilmiş o yüzden bir yıldız eksik verdim çok uzundu kestirdim,normal
3,Yani çanta idare eder o kadar küçükde değil orta boyu var tavsiye etmem ama daha güzel çantalarda var,normal
5,"ürün güzel kaliteli ama bir tık buyuk, içine çok eşya koyacaklar için uygun",normal
5,"müthiş kullanışlı bir çanta. şık da spor da kullanılabilir. benim için en büyük artısı kitaplarımı taşıyor olması, gerçekten kaliteli. f/p ürün",normal
3,yani canta iyi sadece omuz askisi cok uzun,normal
5,çok iyi 1 aydır sadece bunu kullandım 3ğ gün üst üste hâlâ ilk günki gibi üstelik birsürü kitap koyuyorum,normal
4,Ürünün kalitesine diyecek lafım yok ama kapama tarafı fermuar değil çıtçıtlı o yüzden iade ettim,normal
4,fermuarlı olsa daha iyi,normal
4,aşırı bir büyüklüğü yok orta kalite ürün,normal
3,Sapı sağlam gözükmüyor içine kitap veya tablet sığmıyor.,normal
5,"Aldığımdan beri kullanıyorum, okulda özellikle çok işime yaradı. İçi kocaman ve baya ağır taşımama rağmen ne yırtılma ne de başka bir şey oldu. Tek eksik astarı olmaması ve çıtçıtlı oluşu. Fermuarlı olsaydı harika olurdu. aynı yorumu kahverengine yaptım ama ciddi manada alıp en çok kullandığım ve 1 sene boyunca yaz kış üstümden çıkarmadığı tek çanta oldu.",normal
5,Fotograftakinin aynısı güzel boyut olarak da ama aşırı bi deri kokusu var umarım geçer,normal
3,"Büyüklüğü, dokusu çok güzel fakat iç kısmının kırmızı olması biraz memnuniyetsizlik verdi bana. Onun haricinde sıkıntı yok kullanıyorum",normal
5,"Çanta görseldeki gibi, gayet kullanışlı ve iç hacmi geniş. Dışı yumuşak, hafif koku var ama zamanla geçiyor. İç hacmi geniş bir çanta düşünenlere öneririm.",normal
4,Çanta ilk geldiğinde yoğun bı kokusu vardı ama birkaç günde geçti. Boyutu gayet ideal herşeyi alıyor ama içinde küçük bı bölme olsa iyi olurdu,normal
5,uygun bir fiyata almıştım fiyat performans diyebiliriz neredeyse her kombine uyuyor beğendim,normal
4,Ürünü ben acayip beğendim tam istediğim gibi çıktı dokusu vs çok güzel görselin aynısı içi zaten aşırı büyük bi kitap boyutu da gayet geniş üniversite öğrencileri için hem uygun fiyatlı hem de kullanışlı ben işe giderken kullanıyorum her şeyim sığıyor gayet iyi,normal
5,İlk defa büyük çanta kullandım çok büyük gelir düşündüm ama o kadar güzel geldi ki tam ideal boyda yani. Derisi yumuşacık Katlansa dahi iz bırakmıyor. iç genişliği de çok iyi birden fazla eşya konulabilir ama ayrı bölmeleri içerisinde yok. uzunluk ayarlamasında isterseniz postacı çantası gibi de takılabilir,normal
3,açıkçası çok iyi diyemem. fiyatına göre biraz basit geldi kumaşı ve dikişleri. çok büyük değil bu arada ben daha geniş olur diye düşündüm. kütüphaneye giderken kullanmak için Aldım ama kitaplar dışında su şişesi bile sığmadı ve kolay kopacak gibi duruyor. iade ile uğraşmak istemediğim için kalacak,normal
4,Çok beğendim çok şık ve çok rahat sadece çok boya veriyor onun dışında bir sorunu yok,normal
4,Çok beğendim biraz uzun geldi sadece,normal
5,BA YIL DIM coook tatlı L aldım tam oldu🥰 tesettür için arkası tam kapanmıyor o yüzden hafif uzun bir gömlek ile iş çözüldü😋💕💓 ayyy severek giyiyorum,normal
3,1.60 55 kg pant aşırı bol oldu ve pantalonun etiketini keserek yollamışlar büyük ihtimalle başka bi markadan pant ceket güzel o da bol oldu ama beğendim,normal
5,Tek kelimeyle bayıldım S bedenini aldım ama ben minyon olduğum için paça yaptırdım sadece bol giyinmeyi seven kızlar için gayette güzel bir ürün tavsiye ederim,normal
3,alt dar üst tam oldu alt üst bedeni ayrı seçememek kötü ama çok güzel bi takım oldugu icin o şekilde giyiyorum iade etmedim,normal
5,anneme aldık tesettürlü kendisi zayıf ve boyu kısa olduğu için totosu dikkat çekmedi ama 160 üstü tesettürlü kişilere uymaz bebeklerim totoyu belli eder. Ama takım mükemmel biraz kollarını ve pacasini anneme göre kestirdik çok güzel oldu,normal
4,Bir beden büyük geldi en küçüğünü almama rağmen geniş kalıp yani ama çok güzel ve şık tok bir kumaşı var,normal
4,Duruşu falan çok güzel ama pantolon bol geliyor hemde s beden almama rağmen l bedenmiş gibi ufak tefek terzi işiyle hallolur ama bunu bilerek alın. Paça boyu da çok uzun,normal
4,"Gayet güzel bir takım olmuş boyum 173, kilom 65 L beden aldım. Ayrıca yıkarken rengi akıyor ona göre diğer çamaşırlarla atın. Bide beyaz olarak temas eden çanta veya body vs ürünleri mavilik bırakıyor ama bu fiyata değer ayrı ayrı da kombinlenebilir.",normal
5,Kızlar bayıldım 158 boyım var 56kiloyum m beden aldım pantolon bi tık sıktı ama üst çok iyi olduuu öneririim,normal
4,s aldım ama pantolonu uzun geldi belimdende düşüyor terzilik işi var bide bana pantolonu gorseldeki gibi aynısı gelmedi gözüme ama kurtarıcı takım takım,normal
3,"Tamam ürün iyi güzel ama hiçbir etiketi yok kullanılıp mı gönderildi bilmiyorum. Ayrıca fermuarı bozuk, gönderirken hiç dikkat edilmemiş. 1.62 78 kg L oldu",normal
4,Kumaş ve kalite olarak çok güzel fakat 57 kilo 160 boyundaki arkadışıma M bedeninde Pantolon çok güzel oturdu ama Üst için çok büyük geldi sanki L beden gibiydi. Açıkçası orantısızlık yüzünden pantolonu seve seve iade etmek zorunda kaldım.,normal
4,güzeldi ama sadece 1 düğme kısmı kopuk geldi çok açılmadığı için idare ettim 170 boyum var biraz üst kısa oldu bir de basen veya kalçanız buyukse 1 beden büyük almanızı tavsiye ederim cunku tam oturuyor,normal
5,Gayet tok ve kaliteli bir kot. Yıkamadan giymek durumunda kaldım rengi akar mı bilmiyorum. Ben xs-s arasıyım aldığımı çok rahat m de giyer.,normal
5,Cok güzell geldiiiii bugün ulastı elime bayıldımm sadece pantolonu cok bol 47 kiloyum S beden bol geldi ama terzide halledilir duruşu süper,normal
3,169 boyunda 68 kiloyum L beden aldım biraz bol dursun diye takımın üstü ve paçaları bol oldu ama göbek kısmı tar o kadar kalın bacaklı ve göbekli bir fiziğe sahip değilim yapısal olarak kastırıyor ama ceketi çok sevdim taytların üzerine falan giyiyorum çok güzel oluyor,normal
3,Görüntüsü aynı fotoğraftaki gibi güzel ve şık. Bedeni biraz sıkıntılı bence. Bel kısmı inanılmaz sıkıyor ama geri kalanı tam oldu. 38/ M beden alsam bol gelcekti ama S de sıktı yani,normal
5,1.64 boy 56 kiloyum S beden aldım bir tık bol oldu beli. Ama harika tam kalıp bir takım kendi bedeninizi gönül rahatlığıyla alabilirsiniz. Aşırı cool duruyor bayıldım🫶🏻 2 gün içinde elime ulaştı.,normal
4,Ürün harika ama boya veriyor bir puanı oradan kırdım üstte duruşu muazzam,normal
4,Gerçekten çok güzel kumaşıda çok iyi ama sadece pantolonun boyu çok uzun boyum 162 olmasına rağmen çok uzun geldi onun dışında hiçbir sorunu yok bence alınmalı,normal
5,Çok güzel takım ama çok renk veriyor,normal
3,"aslında çok güzel bir takım 1.73, 65kg normalde m bedeni giyen birisi olarak üstü çok bol altı çok dar geldi, L alsam üstü aşırı bol olacak",normal
4,ust kesim iyi bol ama alti sanki biraz dar gibi ustelik tesetturlu biri olarak tam kalcada yani rahatsiz olabileceginiz bir sekilde ust boyu. Cok fazla boyasi akiyo makineye atmama ragmen hala renk veriyor fiyati diğer markalara gore uygun oldugunicin aldim,normal
3,Ya ben giydim fakat 163 65 kiloyum L aldım çok küt ve kaba durdu bende bence ince uzun kızlara daha hoş duruyor.,normal
3,"Aslında model güzel ama kısaysanız çokta şık durmuyor, ürün çok fazla boya atıyo ve kalıbı büyük tam beden tercih ettim ama pantolon çok pot durdu üstü de kemeri bağlayınca çok toplandı rahat olmadı alıcaksanız 1 beden küçük alın, kargo çok yavaştı (160boy 57kilo m beden) iade",normal
5,Ürün çok güzel görseldeki gibi elime ulaştı kumaşı kaliteli bazı görsellerde beli lastikli gelmiş pantolonun ama bende gayet pantolon olarak geldi çok sevdim🥰,normal
5,"kalitesi herseyi çok güzel, 40 beden aldim normalde 40 olur ama kalibi dar pantolonun beli dar daha doğrusu, ceketi de bol asiri",normal
2,"Rahat yumuşak ama çok kalitesiz. Giydiğim 2.gün pamuklandı.. Diz yaptı, genişledi. Yıkandıktan sonrasını düşünemiyorum.",normal
5,Kumaşı iyi ev giyim olduğu için olağanüstü bir kalite beklemiyordum zaten memnunum genel olarak,normal
5,Güzel beğendim 83 kiloyum 4XL aldım hamile olduğum için gayet güzel,normal
4,Tam bedeninizi alın ama kumaşı öyle tiril tiril değil biraz sert bir kumaş daha pamuklu olmasını beklerdm ama yinede iyi fiyat performans,normal
2,kumaşını pek beğenemedim pijama altının ağ kısmı çok kötü duruyor,normal
3,"Giymeden önce sudan geçireyim dedim, azıcık siyah deterjanı ile bile rengi gitti. Kalıbı, paça boyu normal, kalite orta",normal
5,ürünün dokusu ve yumuşaklığı çok güzel dezavantajı düşük dozda yıkadığım halde pürtüklenme olması,normal
5,bunu çok beğendim hatta 1 beden küçük alınabilir likrasi fazla kalıbı güzel şuan yıkanıyor umarım çekme solma olmaz teşekkürler,normal
5,ürün çok kalite ve kumaşı çok güzel 56 kilo 28 beden aldım tam oldu,normal
4,çok iyi ama gün içinde bir tık bollaşıyor fakat rahatsız edici değil,normal
4,Kizlar fiyata gore frna degil bolarma yapuyo 170 boy 65 kili 29 beden oldu bb,normal
4,"kargo inanılmaz hızlı bir günde geldi. pantolon da tam olarak fp hatta daha fazlası bu fiyata, 165 boy 63-64 kg 30 beden tam oldu. Tam beden alınmalı",normal
4,Ürünü çok beğendim olduğunuz bedenden 1 beden daha küçük alınabilir,normal
5,Kalıbı tam kalıp giydikçe birazda olsa açılıyor ama kalıp tam bedeninize göre duruşu güzel,normal
5,Pantolon tek kelimeyle mükemmel boyuda uzun değil ben kısa olmama rağmen bana tam oldu sadece çok yüksek bel değil fotoğraftaki ile aynı geliyor hatta daha güzel,normal
4,Çok bayıldım aşır güzel kapı renk fakat şuan istediğim kiloda değilim o yüzden 51 im 55 olunca biraz dar olur gibi 28 sipariş ediceğim ama bayıldım,normal
2,Kalıp çok dar 75 kilo m aldık aşırı dar önü hiç kapanmadı xl alsak anca olur okadar kumasıda çok basit naylon,normal
4,Ürün gayet güzel kumaşı da kendisi de kardeşim için aldım 172 boy kilo 65 S küçük geldi gönderdik M aldık ne dar ne geniş duruyor gayet iyi şık ve günlük her alanda kullanılabilir,normal
5,"Kumaşından anladığım kadarıyla gerçekten kolay ütülenen bir ürün , yumuşak bir kumaş , tam oturuyor vücuda 🌺",normal
5,195 boy 106 kilo 3xl aldım erkek arkadaşıma. Göbeği olduğu için normalde 2xl giymesine rağmen dar olmasın diye. Göbeği çok güzel sakladı. Üstünde hiç sırıtmadı ve gerçekten çok yakıştı.,normal
4,ürün güzel şık bı görünüşü var tek kusuru üründe kalite kontrolü yapılmamış bazı dikiş yerlerinde ipi kesmeleri yapılmamış,normal
4,"Abim için aldık, hafif parlak bir kumaşı var. Abim sevdi",normal
5,Ürün güzel yalnız bana küçük geldi ve sıktı 1.74 boy 78-80 kg L beden küçük geldi sıktı göbeğimi kapatmadı düğme iade edip bi büyüğünü söyleyeceğim,normal
3,yaka kısmının dik durması için konulan küçük parçası yoktu yakanın ucuna konulan düzgün dursun diye konulan parçalar bir gömlek parasıda terzi istedi parlaklığı iyi,normal
5,hafif parlak bir yapısı var ancak kumas kalitesi iyi asla naylon degil kalıp olarak tamdır,normal
5,gömlek kalitesi harika tam bedeniniz alabilirsiniz bol olsun deraeniz 1 benden büyük alın,normal
3,idare eder polyester karışımı çok fazla fiyatına göre iyi,normal
5,Erkek arkadaşıma aldım çok güzel oldu ve severek giyiyor. Tam beden alabilirsiniz. 55-58 kg arasında xs tam oldu,normal
4,biraz hafif dar ama kalite o kadar iyi değil laylon gibi anımsatıyor,normal
3,kumaş kalitesi biraz düşük sanki eskimiş gibi bir görüntüsü var,normal
5,Fiyatı gayet uygundu rengini çok beğendim erkek arkadaşım için aldım umarım bedeni denk gelir L beden aldım 1.93 boyunda 75 kilo ztn slim fit overise değil modeli öyle olduğu için olucağını düşünüyorum,normal
2,dikişleri kesinlikle güzel değil bir tane alıp beğenmiştik ama daha sonrasında sipariş verdiklerimizde dikiş hataları var,normal
5,Kumaşı parlak esneme yapıyor oldukça şık,normal
5,Cok iyi geldi esimin kilosu 73 L beden aldim tam oldu,normal
5,178 86 Kilo L aldım. Tam oldu 2 kilo alsam olmaz ona göre alırken dikkate alırsınız,normal
5,Hem takım elbiseye göre hemde gündelik giymek isterseniz uygun baya beğendim elinize sağlık,normal
5,Güzel ürün 72 kilo 1.78 im L beden iyi geldi,normal
3,"Eşim 187, 120 kg 3xl olmadi.",normal
1,çok inceydi fermuar kısmı hiç gözüktüğü gibi gelmedi,normal
4,s beden aldım güzel ama göründüğü gibi kalın değil ve biraz uzun geldi bana ama beğendim,normal
2,Görseldeki gibi değil . Dikişi kötü. Ufak lekeleri var . Rengi de öyle canlı değil maalesef .,normal
4,salaş istiyorsanız kendi bedeninizden bir beden büyük almanızı öneririm onun dışında gayet iyi,normal
3,tam göründüğü gibi değil ama idare eder m giyerim normalde s olmasına rağmen m gibi,normal
4,Ürün gayet iyi birkaç gün giyip denedim direkt gördüğümde bir değerlendirme yapmak istemediğimden... S beden almıştım güzel oldu sadece normale göre biraz uzun kalıyor,normal
1,"Ürünün etiketi kesik, boyun kısımımda da dikiş hatası var ayrıca paketleme de özensiz. İade",normal
5,ürün güzel ama görseldeki gibi durmasını istiyorsanız bi beden büyük alın,normal
2,görselde ki gibi geldi bı beden büyük alınabilir boyun kısmındaki fermuar gorseldeki gibi değil onun dışında iyi,normal
5,güzel bayağı fakat çok büyük 67 kiloyum m daha iyi olurmuş normalde l giyerim xl söyledik dar olmasın diye ama çok büyük oldu oğluma verdim,normal
3,omuzlar çok değişik durdu dikş yerleri havafa kalıyor,normal
4,"Ürün fiyatına göre gayet iyi. Mavi rengini aldım, ancak görseldekine göre biraz daha canlı olsaydı mükemmel olurdu. Beden olarak 155 cm boy, 65 kg için S beden tam oldu.(Bol degil)",normal
5,1.90 boy 93 kg’yim tam oldu. Hafif bol olsun diyen boydaşlarım bir beden bol alabilir,normal
5,Yani kışın soğuk havalarda sıcacık tutanacak bir ürün diye düşünüyorum içi Pamuklu dışı kumaş kalın.,normal
4,yikaninca hafif cekiyor,normal
4,Çok iyi ama iç tarafı tüy döküyor,normal
5,Boy 183 kg78 ben xl aldım biraz geniş sevenler için iyi L tam olurdu,normal
2,"Aman dikkat ürün boya veriyor, diğer çamaşırlarla yıkama yapmayın",normal
5,"İçi şardonlu güzel bir ürün. Eşime ve kendime birer tane aldım. Eşim (erkek)168 boy 85 kg L beden tam oldu. Ben 165 boy 75 kg L beden, istediğim gibi hafif bol oldu.",normal
3,ürün genel olarak güzel tam kış ürünü ama görselde göründüğü gibi hem bel hem kol şardon'u çok bol ürün kalitesine hiç yakışmadı,normal
5,"rengine bayıldımmm, xl beden sipariş ettim hem yeşil hem mavi, yeşil küçük oldu mavi tam oldu",normal
3,soft bir model kazak diye düşünmüştüm,normal
5,"Çok kalite duruyor. Sadece 1 kez giyindim, gayet sıcak tutuyor. Ben 175 sm/68 kg, S beden aldim, salaş kaldı. XS alsaydım daha fit otururdu sanırım.",normal
5,kumaşı güzel 185 boy 78 kg xl aldim güzel durdu hafif salaş durdu tam ideal 1 beden büyük alınabilir,normal
4,Beden tamam fakat kol kısmı erkek arkadaşıma kısa oldu duruşu rengi güzel şardonlu sıcak tutuyor,normal
3,gri ve vizon rengi daha güzeldi bunun rengi çok güzel ama içinin pamuğu dökülüyor,normal
4,görseldeki gibi geldi renginde parçalarda sıkıntı yok ama çok ince kumaşı yıkadım daha bir hafta olmadan çarşafı tiftiklendi oğluma almıştım o evlenene kadar kullanır zaten fazla dayanmaz hayal kırıklığı,normal
5,3 ürün arasında en iyi çıkan Ürün fiyatına göre çok güzel oğlum için almıştım kumaşı kalın parlak kullanışlı ebatların belirtildiği gibi,normal
3,Yani 7 ay ancak kullanılabilir. Belki daha kısa. Makineye atınca tiftik topladı bir kaç yerde.,normal
3,Ürün kumaşını daha farklı beklemiştim bekletimin altında kaldı.Çok naylon gibi.,normal
3,Ürün fiyat performans ürünü. Tavsiye olunur,normal
5,Henüz yıkamadım o yüzden fotoğrafsız yorum atıyorum 1. Kalite beklemiyorum elbette teknede kullanacağım için renk daha önemliydi açıkçası ama siyah tarafının rengine netliğine bayıldım yıkayınca göreceğiz teşekkürler,normal
3,Çok da pamuklu değil karışımlı kumaş orta kalite,normal
3,Ürünün kumaşını çok beğenmedim boyutu lastikli çarşafı güzel,normal
5,urun bekledigimden guzel geldi kumas kaliteside guzel fiyatta uygun,normal
3,Renginden dolayı almıştım güzel de fakat kumaşı fazla sert pamuklu bira yanı yok,normal
3,Yıkadıktan sonra renginde açılma olmadı ama çarşafı çift kişilik yatak için küçük geldi yinede bu fiyata gayet iyi,normal
5,kalite olarak fiyat performans ürünü dikiş yerleri kötü sadece ama kullanılabilir,normal
5,çarşafı biraz tüylenen cinsten ama indirimden aldm idare eder,normal
5,Ürün beklediğim gibi geldi sadece yastık kılıfları fermuarlı olabilirdi tavsiye geri kalan herşey harika,normal
3,Kumaşı çok naylon terletecek bir kumaş,normal
3,Ürün çok fazla terletiyor bilginiz olsun ama kalite olarak güzel,normal
4,"tertemiz paketlenmiş şekilde geldi, çarşafı lastikli, yastıkları ve nevresimi kumaş olarak gayet güzel, kaygan değil, pamukluya benzer, henüz yıkamadım yıkayıp güncellerim yorumu, şu an gayet hoş izlenimim",normal
2,Hemen tüylendi ve çok toz topluyor,normal
3,yani fiyat performans olabilir görüntü olarak güzel ama aşırı aşırı kaliteli bişey beklemeyin yedek kullanılır,normal
2,"ya güzel kıvırtıyo ama saçta bı koku birakiyo , zaten ısıyı ayarlayamiyorsunuz . tek bir ısısı var . pek kullanmıyorum anliyacaginiz .",normal
5,"tam fiyat performans ürünü. hızlı, sağlam ve sorunsuz kargolandı. az evvel denedim, ürünün çalışmasında da herhangi bir sorun yok. her gün saç yapan biri değilseniz bu ürünü kullanabilirsiniz. sık sık saç kıvırtmak için çok iyi bir ürün olmayabilir. daha prosefyonel tercih edebilirsiniz. ama benim için harika gerçekten.",normal
5,Çok iyi yaaa hem hızlı ısınıyor hemde çok iyi dalga yapıyor,normal
5,Saat şu an 15.15 ben sabah 9 da yaptım bu maşayı ve sprey vs kullanmadım aprillanın düzleştiricisini de kullanıyorum içiniz alırken rahat olsun sadece çok uzun saçları sarmakta zorlanabilirsiniz 25 mm olduğu için ama harici çabuk ısınıyor ve kalıcı,normal
3,Benim saçımda tutmadı malesef,normal
4,paketleme güzeldi hızlı geldi. ilk başta açılmadı ışığı yanmadı ama bir iki saat sonra tekrar denediğimde açıldı çok çabuk ısındı kullanışlı güzel tavsiye ederim,normal
5,gerçekten de söyledikleri gibi açtığım gibi ısındı ve hemen şskil veriyor ve bende kokuda bırakmadi çok tutmama rağmen hemen şekil verdi ben çok beğendim tavsiye ediyorumm,normal
4,Beğendim hızlı ısınıyor su dalgası gibi yapıyor ben seviyorum,normal
3,normal 25 mm kullandığım maşadan daha ince onun yerine 30 mm alın hızlı ısınıyor ve iyi sadece koblası çok dolaşiyor,normal
3,Saçta günlerce geçmeyen yanık kokusu borakıyor maalesef,normal
3,Sıcaklığı zayıf fiyatından belliydi zaten çok da iş görmeyeceği.,normal
5,Beklediğimden daha güzel geldi. Anında ısınıyor ve şekil veriyor iyi ki almışım,normal
1,2. Kullanışımda patladı maalesef . İade sürem geçtiği için de iade edemedim ürün çöp oldu,normal
5,Ürün gayet güzel ve yeterli saç yaparken iş görüyor sadece sıcaklık kademesi yok,normal
3,Güzel ama yıpranmış ise biraz saçlarınız kullanırken sorun ısı koruyucu kullanmanız gerekir duman çıkıyor saçtan,normal
5,Ürünü begendim buklelerim çok güzel oldu heman ısınyo bu fiyata güzel butun gunde durdu saç sabitleme spreyde geçdim ustunden baya guzel durdu,normal
5,O kadar hızlı ısınıyor o kadar güzle şekil alıyo ki kolay kolay bozulmuyor gerçekten fiyat performans ürünü kuaföre bile gitmeye gerek yok,normal
5,fiyatının uygunluğu ve saçlarda mükemmel etkisi ile fiyat performansı bir ürün severek kullanıyorum dalgalar hemen bozulmuyor ve uzun süre güzel bir görünüm sağlıyor,normal
1,ikinci kullanımda yandı üstelik sarteli attırdı bir saat uğraştım bu kadar kalitesiz bir ürün daha görmedim almayın bence,normal
4,ürün iyi ama boyu uzun olanlar için olmaz 160 olmama rağmen kısa oldu ama kaliteli,normal
3,Medium beden olmasına rağmen çok küçük ve beğenmedim,normal
5,muhteşem bi etek resimdekinin aynısı geldi ve kumaşı çok kaliteli bu fiyata bu ürün çok güzel 1.55 boy 50 kilo s beden aldım,normal
3,Kumaşı çok kaliteli değil ama giyilir yazın kışın çok ince kalır ama güzel kalıbı bol geliyor,normal
2,Ürün iç gösteriyor ve çok ince kışlık değil,normal
4,80 kiloya 3xl basenden bile geçmedi kalıplar yanlışı,normal
1,İncecik kumaş . Kalite açısından oldukça zayıf . Tavsiye etmiyorum,normal
5,Etek vücuduma tam oturuyor sadece kalçadan geçirirken bel kısmı zor geçiyor 54 kilo 162 boyum,normal
5,Bel kısmı hafif kalçadan zorladı M beden aldım 59 kilo,normal
3,Kesinlikle bir değil en az iki beden büyük alın fiyatına göre bir ürün ortalama,normal
1,Kumaş çok basit duruyo iade ettim görselle alakasız buldum özellikle eteği,normal
3,Çok ince. İç gösteriyor aynı zaman da,normal
4,Çok güzel etek ben normalde XS giyiyorum yine aynı bedeni aldım ama kalçadan zar zor geçti belde ise tam oturdu tuhaf bi dikişi var anlamadım ama çok güzel etek,normal
4,kalça kısmı çok dar bi beden büyük almanızı tavsiye ederim bilek boyu kısa onun dışında güzel,normal
5,Çok iyi kumaşı ama biraz eteği kayık dikişleri,normal
5,biraz kumaşı kırışıyor zor açılıyor ama çok güzel yinede,normal
2,Kalite idare eder büyük oldu iade ettim ince bir kumaş kiloyu öne çıkarıyor,normal
5,Ürünü tek sefer kullanımda bile fark etti ben klozetteki sarı su lekeleri için kullandım tek seferde ovalayarak çıktı çok memnun kaldım,normal
5,Kireç ve sabun artıklarının yapıştığı duşa kabini ovmadan sadece suyla yıkayarak temizleyen gerçekten iyi bir ürün,normal
3,Ürün performansı güzel ama kullanabilene feci ağır kokuyor çok rahatsız edici bu performansta daha kokusuz ürünler var bir daha almam,normal
4,"Düzenli yaptığım zaman gerçekten kıllar çok azalıyor neredeyse hiç çıkmıyor ama bir kaç aydır atış yapmayı bıraktım ve tekrardan kıllar çoğaldı hızlı uzamaya başladı öncesinde lazer geçmişimde vardı, yani sürekli atış yaparsam çok iyi ama uzun süre bırakınca kahrolası kıllar geri geliyor",normal
5,tüyleri güzel alıyor.,normal
1,Şarjını doldurup yerine koyuyorum kullanmak için elime aldığımda şarjı bitmiş durumda oluyo kullanamiyorum sürekli dolduruyorum kullanmadan şarjı bitiyor.,normal
3,far çok küçük resimdekiler de bulunan bazı ürünler farklı geldi bu fiyata normal,normal
1,rujlar makyaj bakyaj bazi farki geldi ayni degil,normal
3,ürünler güzel beğendim ama içinden üçlü ustura çıkmadı onun için puan kırdım,normal
5,herhangi bir alerji yapmadı korkarak almistim,normal
4,bir kaç değişiklik yapılmış ustura yerine makas konulmuş görselde likit kalem gözüküyor farklı yollamışlar onun dışında iyi,normal
1,ürünler idare ederdi ama fondeten çok kötüydü kapağı açık bir şekilde geldi ve ürünler eksik geldi,normal
5,gayet güzel ve uyguna bir makyaj çantanız oluyor birtek rimelin beğenmedim yapış yapış ve suya hiç dayanıklı değil akıyor kirpikleri uzatıyor tek tek ayirmiyor,normal
2,Eksik malzeme geliyor almayın,normal
3,İlk kez makyaja başlıyacak kardeşim için aldım güzel ürünler vardı ama tam olaral fotoğraftakiler gelmiyor yinede iyiydi,normal
5,çok güzel sadece kordon kismi büyük geldi saatcide küçültcem,normal
1,hiç beğenmedim bir kere yere düştüğünde bu halde ve içi hep paslaniyo,normal
4,Benim bileğim ince olduğu için bol geldi ama güzel rengi falan da güzeldi,normal
5,urun gercekten guzel ve kaliteli velakin kordonu gereksiz uzun asla kadin bilegi icin uygun uzunlukta degil saatciye gidip ya kisaltma yapilmali yada kendi imkanlariniz ile youtubeden izleyip kisaltmalisiniz 🥹,normal
3,Aldıktan bi süre sonra pembe taşları düştü ve rengi soldu 4-5 kez kullandım sadece daha sonra da kullanmak istedim fakat kaşıntı yapıyor ciltle ilgili de olabilir,normal
1,"gelen ses ve giden ses problemli ses net değil ve kesiliyor bazen., dokunmatigi sorunlu, yeniden başlatınca güncelleme falan yapıyor",normal
4,Anneme aldık ama ilk açıldığından beri kasıyor daha anneme vermedim ama kasma onda da devam ederse garantiye gider,normal
4,fiyatına göre iyi gibi idare eder ara sıra kasma yapıyor ama onun dışında iş görüyor,normal
5,sesi az çıkıyor ama iş görür,normal
5,"Şu an iyi, birkaç saat önce geldi. Çok kısa sürede şarj oldu. Kurulumunu yaptım. Sadece kordonlarını takmakta zorlandım",normal
2,kulaklık cidden iyi sesi falan güzel ama saat biraz sorun var saati yanlış gösteriyor ayrıca bağlanmak çok zor,normal
1,kulaklık sürekli cızırtı yapıyor arama sırasında hiç tavsiye etmiyorum,normal
3,Ürünüm geldi yorumlara göre aldım ama kulaklık çok kötü karşı taraf anlamıyor sürekli hışıltılı sesler geliyor diyor kulaklığı şarja koyuyorum hep kırmızı ışık yanıyor saatlerce tuttum rengi değişmedi saati sarj ettim kullanmadım yarım gün gitmedi bile sarjı bitti bu yüzden iadesini istiyorum,normal
3,Saat güzel yalnız şarj cihazına oturmuyor bir lastik yardımı ile şarj ediyorum.İade etmek ile uğraşmadım fiyat malum.Fiyat performans ürünü sonuçta,normal
5,Ürünüm çok güzel geldi bayağı hava kabarcıklı naylonlara sarılmış bir şekildeydi ben kendim açtım paketini hiç açılmamıştı çok memnun kaldım,normal
4,Ürün sorunsuz elime ulaştı ben kalitesini ve kullanışlılığını çok beğendim bence tam bir öğrenci tableti. Özellikle video izlerken not çıkarmayı seviyorsanız sizde ürünü kullanışlı bulursunuz. Sadece bir yıldızı kırma nedenim kargoyu çok sağlam paketlememişlerdi ve biraz geç geldi. Onun harici 10/10’luk.,normal
5,Derslerimde not almak için aldım üniversite öğrencisiyim gayet yeterli geldi bana boyutu da ideal orijinal ürün 👍,normal
1,3 ay olmadan sensör hatası veriyor sürekli harita kendinden kayıyor komut vermediğim odalara gidiyor pişman oldum yazık günah verdiğim paraya,normal
5,çok memnunum ama hergün kullanmak gerekir 3 gün süpürmezseniz evi temizlik dört dörtlük yapamıyor yani ev çok kirli olmasın,normal
3,Ürün halıya geldiğinde paspasları kaldırmıyor sadece suyu kesiyor ayrıca uygulaması çok kötü karışık işaretliyorum işaretlediğim odaya gitmiyor iki gündür belli odaları temizliyor diğer odalara girmiyor birde ek olarak belirtmek isterim ürüne 3 cmye kadar eşikten atlar demişler ama asla atlamıyor atlamadığı içinde odayı görmeden geri dönüyordu kurulumda çok zorlandım eşikleri kırdık o şekilde düz olunca geçti,normal
5,"guzel bir makine, coklu haritalama ozelligi guzel. cekim gucu guzel. begendik.",normal
5,Gerçekten mükemmel bir ürün biz genç bile kalmışız evi tertemiz yapıyor. ayrıca mop temizleme özelliği de çok başarılı dönerek temizleme yapıyor.,normal
4,"Ürün çok hızlı ve korunaklı şekilde geldi, süpürülmüş evden çıkan toza inanamadık. En güçlüde çalıştırınca sesli oluyor ancak sessiz ve orta seviye güçlü çekimleri de var. Halı püsküllerine takıldığı için püsküllere bir çözüm şart.",normal
4,Paspas telleri bi süre sonra yapışkanlısını kaybediyor onun dışında gayet iyi,normal
4,biraz sesli çalışıyor nedeni nedir yoksa makine iyi ama şu sesli olmasa daha iyi olur ürün elime çok hızlı geldi,normal
5,Şimdi kurdum çok ön yargılıydım ama beni utandırdı sanırım beyaz fırtına ile çok iyi anlaşacağız 😂çok pratik ve gerçekten mikro temizlik yapıyor. Şimdi beyaz fırtına çalışacak ben oyurup çay içeceğim almayan pişman olur siparişim çok hızlı ve sorunsuz geldi,normal
5,İlk defa kullanıyorum çekiş gücü ve sessizliğide ayarlanıyor mop özelliğini çok sevdim halı tanıma yapıp kaldırıyor,normal
5,ürünü aldım baya oldu allalı ama türkçe dil desteği yok evin içinde kendi kendine konusp duruyo. bazen evi tanımıyo paspasları haliya değdiryo fwşan fiyan,normal
5,çok dip köşe temizleniyor ama günlük kullanım için ideal hatta çok iyi ya silip supurmesi harikaaaaaa,normal
5,elim ayağım. pili bitmiyor 5 odalı evimi tek seferde süpürüyor. haritası karışıyor diye 2 harita yaptım sorun kalmadı.,normal
5,Aldıktan yaklaşık 2 hafta sonra kutusunu açtım. Paketleme yeterliydi. Kurması kolaydı . Uygulaması ile uzaktan yönetebilmek çok işinizi kolaylaştırıyor. Zaten ürün için söylenecek şey her eve lazım olduğu. Hayatınızı kolaylaştırın,normal
5,"Harika bir robot. Emiş gücü güçlü, mopları da güzel. Sensörleri de gördüğüm robotlara göre çok daha iyi haritada belli olan yerlere hiç çarpmıyor, normalde orada olmayan nesnelere de robot çok hızlı değilse çarpmıyor.",normal
5,Alalı neredeyse 1 ay oldu çok memnunum ablamda mi vacuum mop pro 2 var onunla karşılatırıldığında harika özellikle mopların dönerek silmesi detayı mutfakta çok işe yarıyor. Fayanslardaki çıkmayan kurumuş lekeler olunca önce süpürtül sildirip sonra tekrar 1 kere daha sildiriyorum. Uygulama üzeriden temizlik günlerini ve saaatini ayarlayıp kullanıyorum bunun haricinde ekstra ihtiyaç olması halinde uygulamadan komut verdirerek kullanıyorum. Çekim gücünü standartta kullanıyorum gayet yeterli oluyor halıyı algılayınca mopları kaldırıp durduruyor. ancak halıların kenarlarını silerken sıfıra sıfır silemiyor ancak bu bile gayet yeterli,normal
5,1 yıldır sorunsuz kullanıyorum kaliteli güzel işlev görüyor halı tanıyor paspaslariyla güzel siliyor uzun ara verildiğinde sadece yeniden bi harita yapılması daha iyi temizlemesini sağlıyor onun dışında iyi,normal
4,fazla ısınıyor onun dışında sorun göremedim bide çevirme gücünü kademeli olarak ayarlayabilsek güzel olur,normal
4,Ürünüm elime geçti çok beğendim sadeçe içine doğrama haznesi biraz küçükgeldi oda sıkıntı degil kalitesi iyiymiş beğendim.,normal
4,Haznesi biraz daha büyük olabilirdi. onun dışında beğendik.,normal
3,bıçakları çok aşağıda olduğu için soğanı un ufak ediyor suyunu çıkartıyor. 4 e bölüp attığın soğanın alttaolanı kesiliyor üstteki alta inene kadar alttaki resimdeun ufak oluyor.,normal
3,"motoru çabuk ısınıyor, yıkayınca blender ve cirpicinin içinde su kalıyor idare eder bir ürün. kaliteli değil",normal
4,eksiksiz bir şekilde gorseldeki gibi geldi. denedik gayet güzel çalışıyor. sadece kablosu biraz kısa o belki sorun yaratabilir. onun dışında hepsi çok güzel.,normal
5,"Her işimi goruyor kiyma cekiyor,ceviz cekiyor, vs vs daha ne olsun",normal
1,dememek için mercimeği önce yumusasin diye kaynattim sonra denedim kırmızı düğmesi ısındı içinden dumanlar çıktı bıcak dönmüyordu sayılır çok kotü coookkk kötü,normal
5,gerçekten kullanınca daha etkili oluyo boyadan yıpranmış saçlarım eski hâline döndü yumuşacık parlak ve daha dolgun oldu,normal
5,Daha öncede kullanmışlığımız oldu. gayet başarılı bir içeriğe sahip. Saçları parlak ve yumuşak bir hale getiriyor. Gayet memnunum.,normal
3,kokusu güzel ama saçlarım aşırı yipranmis olduğundan vaow diyeceğim bir değişiklik olmadı,normal
5,3 tane satın almıştım birinin üst kısmında ufak bir çatlak var oradan sızıyor. kokusu ve ağırlaştırmaması çok güzel ağırdı kokusu yok guzelll,normal
5,Gerçekten çok guzel.Bir aydır kullanıyorum.Açıcıdan yıpranmış saçlarımı çok iyi toparladı.Üstelik hiç yağlandırmıyor.🫶,normal
5,Güzel bir ürün kalın telli saçlar için bence birebir ben ince telli saça sahip olduğum için benim saç tipime uygun değildi,normal
5,Güzel begendim banyo sonrasi nemli saca sürüyorum yumusacik yapiyor,normal
3,kokusu guzle ama iyi nemlendirmiyo saçı cok kuru bir yag,normal
4,Hoşuma gitti ama sertleştiriyor,normal
5,Saçıma ısı kullandığım için aldım şuanlık ortalama bi etkisi var,normal
5,kokusu çok güzel. başarılı bir ürün ağırlık yapmıyor saçlarıda güzel nemlendirdiğini düşünüyorum,normal
5,saçlarıma çok iyi geldi tararken dökülmeyi önlüyor ve harika kokuyor,normal
5,"saçım çok elektrikleniyor,kabarıyor. Bu ürün o kadar iyi geldi ki. Yumuşacık yapıyor, patlatıyor ve oldukça da bereketli",normal
5,Kızım için aldım saçlar soluk görünüyordu resmen çok parlak oldu,normal
3,"Saçı güzel açıyor ,daha önce de kullanmıştım .Yıpranmasını da azaltıyor . Ancak o kokusunu ne yapmışsınız 🙄 eski kokusu ile ilgisi yok midem bulanıyor kullanıyorken , bir daha almam (sadece kokusu nedeniyle)",normal
5,Çok iyi saçları koruyor düzleştirici öncesi kullanıyorum,normal
3,Kokusu iyi ben saçımı saçı kurutma makinesiyle kurutmadan önce sıkıyorum gayet iyi koruyor lakin sonrasında yumuşaklığı pek istediğim gibi vermedi,normal
5,çok süt kokuyor ama hemen koku gidiyor yumuşak ve güzel yapıyor idare eder,normal
4,çok güzel kokuyo çok fazla sıkınca kötü kokuya ama onu yayınca güzel çok güzel koruyo 2. alisim,normal
2,Saç dibimde sivilce yaptı,normal
3,2.giymeden sonra iç derisi soyulmaya basladı. Ama genel olarak rahat ve şık. FP ürünü 😊,normal
2,Accayip güzel duruyor fakatttt topuk yamuk geldi ve topuk kısmında hatalı yeri vardı iade etmek zorunda kaldım,normal
4,topugu gorundugunden daha uzun ve not talebim dikkate alınmamıştı onun dışında rengi iyi ve kendi ayak numaranızın 0.5 küçüğü gibi düşünün,normal
4,gayet güzel ama biraz sert geldi bana ayağımı da hafif sıktı sadece denedim henüz kullanmadım,normal
1,"Arkası kayıyor ve çıkıyor, bu da yürümeyi çom zorlaştırıyor.",normal
5,Çok detaylı temizliyor. 3 farklı mod diş etine göre ayarlanabiliyor. ve fırçası çok yumuşak. Umarım şarj konusunda sorun yaratmaz.,normal
5,Normalde bu tarz şarjlı diş fırçaları 2 dakikada 1 uyarı amaçlı çift titreşim yapar ancak bu diş fırçası 2 dakika dolmadan hatta 1 dakika bile olmadan uyarı veriyor tek sıkıntısı bu sanırım bu yüzden diğerlerine nazaran uygun fiyatlıydı aynısını anneme marketten almıştım 100 TL ucuza onu da ayrı problemi var onun dışında üç kademeli yavaş orta ve hızlı şekilde çalışıyor şarja düşmüş hocasından zaten memnunum benim için tek dezavantajı 1 dakikalık dolmadan uyarı veriyor olması,normal
5,Beklediğimden hızlı geldi. 1 gün şarj önerilse de 3 saat içerisinde kullanılabiliyor. Kullandıktan sonra normal diş fırçalarından farkını çok net hissediyoesunuz,normal
5,"Şarj olurken ışığı yanmıyor benimkinin. O yüzden şarj olduğundan emin olamıyorum. Ama onun dışında çok iyi, memnunum.",normal
4,Aşırı güzel bir ürün ama şu deliklerine sıvı girdiği zaman örneğin dişimi fırçaladım macunun beyaz rengi o delikleri dolduruyor ve kötü gözüküyor.,normal
5,Çok beğendim. Dişlerimin ön kısımlarında tartar var. Kahverengi lekelerim var yani. Onların açılması konusunda etkili olduğunu düşünüyorum.,normal
3,Alırken tereddütte kalmıştım silgi gibi soyuluyor diyorlardı ama zoretanin kullandığım için düzgün bir güneş kremi bulamadım aldım sürmeden önce çalkalayıp sürün biraz sıvı yapısı var laroche gibi beyazlık biraz bırakıyor her günes kreminde olan bir sorun ve kokusunu hiç beğenmedim ama kullanacagım etkşsş önemli,normal
4,Güzel ama yüzde soyulma yaptı koruması iyi,normal
5,Mart ayında aldım ekim ayına kadar kullandım günlük yüz ve boyun bölgeme sürdüm bu yaz güneş lekem olmadı tam tersi olan lekelerim nerdeyse kayboldu ama keşke fiyatıda biraz uygun olsada zorlanmadan devamlı alıp kullansak,normal
5,İlk başta yapış yapış olcak gibi geliyor ama daha sonrasında düzeliyor yapısı güzel nemli tutuyor cildin ışıl ışıl oluyor,normal
5,Lekeler için çok güzel bir güneş kremi severek kullanıyorum boyutu da normal kremlere göre büyük uzun süre gidiyor,normal
5,"yüzümde asla ağırlık, yağlandırma yapmadı bugüne kadar ne kullandıysam hep yağlanıyordu suratım bu güneş kreminden çok memnun kaldım yine alırım. (yağlı/karma ciltliyim)",normal
5,gayet memnunum gozlerimi yakma gibi bi problem yasamiyorum ben ki goz altima da suruyorum herkeste ayni mi olur bilemem nemlendirmesi de gayet iyi benim tek rahatsiz oldugum sey surdukten sonra cildimin biraz yapis yapis olmasi o da zaten makyaj vs yapmadigim icin beni cok rahatsiz etmiyor bi tik beyazlik oluyor ilk surdugunuzde ama sonradan geciyor boyutu baya buyuk uzun sure goturur bilginize askolar,normal
5,"Ne katı ne de çok sıvı. Tam yoğunluğunda, yüzüme çok iyi geliyor. Bir çok marka denedim fakat yine en iyisi bu. 💯",normal
4,Ürün güzel boyutu çok ideal ama bazen yüzümde dökülme yapıyor soyuluyor neyden kaynaklı bilmiyorum ama ciltte ağırlık yapmıyor. Bu kadar para verip soyulması üzücü.,normal
3,Beyazlık bırakıyor ciddi anlamda.,normal
4,ürün yapısı çok güzel tek kusuru kokusu çok agır,normal
5,Ben çok beğendim daha önce de kullanıyordum harika bence yüzüm kuru ve yüzümde kahverengi lekeler vardı bir süre kullndıktam sonra iyi geldi yada bana öyle geliyor ama herkesin alması gereken bir güneş kremi 💗,normal
4,saçlarımı yumuşacık yapıyor etkisini gördüm fakat kepeklenme yapıyor,normal
5,İki haftadır kullanıyorum dökülme azaldı sevdim,normal
5,3 haftadır hergün kullanıyorum ve yeni yeni etkisini göremeye başladım. Küçük küçğk saçlarımın çıktığını görebiliyorum,normal
5,"Faydasını gördüğüm hep kullandığım ürün,dökülmeye iyi geliyor saç çıkarıyor,biberiye vs denemeye cesaretim yok işe yararmı bilmem",normal
5,güzel kokuyor ama ben faydasını göremedim,normal
4,bebek saçlarımı çok iyi uzattı tavsiye ederim,normal
3,Saçlarımı fazla uzatma etkisini göremedim ama ferahlatıyor ve yumuşatıyor diğim ;),normal
5,sıktığınız an diplerde nane etkisi bir ferahlama hissi var çok iyi,normal
3,besledi güzel uzattı ama saçım beyazladı niye bilmem,normal
5,.Her kullanmamda farkı görüyorum saçlarım uzadı ve doğumdan sonra dökülen saçlarım yeniden çıktı.Gerçekten başarılı,normal
3,Hediye icin tesekkur ederimm. 1 hafta icinde geldi ama yagini pek begenmedim ilk kullanimdi. 4 fis sıktim saclarimda yine de kabariklik var.,normal
5,çok güzel kokuyo ve bukleleri çok güzel belirginleştiriyo,normal
5,cok guzel en begendigim kivircik sac kremi ama biraz sertlestiriyor,normal
2,sacimda agirlik yapti ve daha hizli yaglandirdi gun icinde ne zaman sacimi ellesem sacimdan elime yapis yapis krem geciyor,normal
5,Süper saçı koruyor ve kabarmasını önlüyor,normal
5,renklerine ve desenlerine bayıldımmm kombinlemesi çok rahatt kullanışlı bir şall kumaşı duruşu olsun çok güzell kesinliklee tavsiye ederimm 🫠✨,normal
3,rengi desene çok güzel ama elektrikleniyor sanki. naylon. ama şık duruyor.,normal
3,"Her kıyafete uyum sağlamaz bence, tuhaf bir sarı ve bordo rengi. Dolabımdaki 5 bordoya da uymadı",normal
3,güzel ama rengi fotograftaki gibi değil daha soluk rengi,normal
5,"pamuklu ve yumuşak dokusuna rağmen tok duruyor, bir süre sonra kafanıza yapışıp sönmüyor yani. renkleri canlı, desenleri şık. Ben çok beğendim, fiyatına göre çok iyi",normal
3,Yani ürün ucuz evet 150 tl ye aldım ama baskısı kalitesiz yumuşak değil tok duruyor ama sahte baskı gibi duruyor,normal
5,Renkleri epey canlı ve deseni müthiş,normal
5,"Desenleri beklediğim gibi soft gelmedi, ama fotoğraf açısı ve ışığındandır diye düşünüyorum. Yine de beğenerek kullandım bordo kısmı öne takınca çok şık oluyor",normal
5,Kumaşı malı çok güzel tek sorun ortasının bej rengi sarı gibi duruyor ama bordo su çok canlı iade etmicem takılır güzel,normal
4,kayıyor bir tek ondan kırdım,normal
4,çok pamuksu olmasada yumuşak bir dokusu var. rengi canlı değil daha mat soft bir renk. çok hoş ben beğendim ,normal
5,renkler fotoğrafta göründüğünden bir tık daha soluk ama bence daha iyi yumuşak bir kumaşı var orta kalite ,normal
3,baskısı her zaman aldığım gibi değil diğerlerine nazaran biraz kaygan kumaşı var,normal
3,"çanta fena değil, göründüğünden daha küçük, bilgisayar vs sığmaz mesela. bana fermuarı bozuk gönderildi cüzdan kısmı. ayrıca çok kötü ağır bir kokusu var sabahtandır havalandırıyorum geçmedi",normal
5,güzel çanta saglam fermuarı yok çok buyuk sevmeyenler için ideal.,normal
5,gayet güzel herşeyle kombinlenir içi geniş rahat rahat herşeyi sığdırırsınız sadece kötü kokuyo onuda havalandırdıktan sonra normalleştirirsiniz,normal
3,"İci cok kucuk, benim kucuk cantalarima bile daha cok sey sigiyor",normal
5,mükemmel içinde makyaj çantası ve cüzdanıda var boyutuda ideal çok kibar duruyor takınca,normal
5,Büyüklüğü iyi ama çok fazla kokusu var geçecek gibi durmuyor,normal
4,Fermuar olmaması zorladı beni.,normal
3,Cüzdan diye kattıkları cüzdan değil ama çanta ve makyaj çantası çok güzel,normal
5,çok kaliteli fiyatına göre çok uygun hem küçük değil hem büyük değil çok kullanışlı içi süet yıpranmaz görüntüsü çok güzel memnun kaldım,normal
4,Ürün çok kullanışlı siyah rengini aldım fakat makyaj çantası biraz küçük fırça falan sığmaz,normal
4,Kolda durusu boyle yanı kutuphane ıcın falan uygun degıl ama gundelık kullanıma cok uygun 12.4 ınc tablet sıgıyor ama agzı kapanmıyor bılgınız olsun,normal
4,"kolu baya kısa kış ayında mont ile biraz zor oluyor, içine fazla bir sey tıkıştırırsanız çıtçıtı kendiliğinden atıyor ama güzel ürün alınır günlük kullanım için uygun.",normal
5,Okul için aldım çok güzel çok beğendim sadece a4 defter koyduğunuzda çantaya biraz büyük geliyor ajanda içine çok rahat sığıyor tavsiye ederim 🫶🏻,normal
5,çok tatlılarr çantama taktım çok yakıştı rengi de ne çok koyu ne çok acık gayet ideal alabilirsiniz,normal
3,Ürün küçücük. Kalitesi de kötü belli hemen kararacağı o yüzden hemen şeffaf oje sürdüm sizde alırsanız kararmaması için oje sürün,normal
3,malesef simli değil simli diye aldım ama malesef o şekilde beklemeyin,normal
3,cok tatli bir urun fakat hic saglam degil cantamda durdugu yerden dusmus :(,normal
3,malesef çabuk koptu,normal
3,çerçevesi biraz büyük burun kısmını da acıtıyor biraz paketlme iyidi,normal
3,gayet güzel bir gözlük ama saplarında demir olduğu için saça takılıyor fazla beg nmedim ama güzel,normal
4,cok guzel rengi kalitesi ama bir tık buyuk bu da unisex olduğundan dolayidir diye dusunuyorum,normal
3,ben beğendim şahsen ama benim yüzüm küçük biraz büyük duruyor yüzünüz küçükse önermem,normal
3,Yüzde güzel durmuyor ve burnuna tam oturmuyor,normal
2,Çerçeveleri çok büyük ve mavi ışık koruması yok gözlerinizi bozar yüzünüz büyükse yakışabilir ancak,normal
4,Camlar çizik geldi onun dışında çok güzel,normal
5,çok güzel içi geniş kocaman tek bir büyük gözü var bir de önde gizli bir gözü var gayet sağlam duruyor ben bayıldım,normal
5,Daha öncede birkaç kez aldığım memnun kaldığım krem kuru bir cildim ve egzamam var çokk güzel nemlendiriyor ,normal
5,nemlendirmesi iyi ama neden bu kadar kötü kokuyor,normal
5,egzamaya çok iyi geliyor güzel nemlendiriyor tavsiye ederim,normal
4,"Ürün çok güzel nemlendiriyor ve yumuşacık yapıyor. Ambalaj kalitesini beğenmedim açıkçası, kalitesiz bir plastik kap gibi, yumusak. Daha iyi sert, sağlam bir ambalaj olmalıydı. Bir yıldızı o yüzden kırdım. Bir de kokusu çok hoş değil.",normal
4,"Ürün akıcı ,kokusu yok, ama hafiften yapışkan gibi , cildi yumuşacık yapıyor, pompalı olması kolaylık",normal
5,gayet güzel beyaz iz bırakmıyor hemen nemlendiriyor cildimi beğendim,normal
3,bir kez kullandım ama pek nemlilik vermedi aksine kurudu gibi,normal
3,Nemlendirmesi güzel fakat kokusu aşırı kötü. Bu yüzden kullanamıyorum. Kokuya hassasiyeti olam birisi hiç kullanamaz.,normal
5,harika bir nemlendirici cildim yumuşacık oldu emici özelliği ile cildim yapış yapış olmadı ben çok memnun kaldım herkese tavsiye ederim,normal
2,İlk denemede beğenmiştimde sonrasında aynı hissi bırakmadı gibi,normal
5,"Yağlı his bırakmadan çok güzel nemlendiriyor, ben sevdim.",normal
5,"Çok iyi emiliyor, büyük boyutta kaliteli bir nemlendirici sadece ambalajı daha iyi olabilirmiş",normal
3,Bu fiyata göre gayet iyi aydınlatması da güzel sadece pil yeri kırık geldi onun dışında gayet güzel,normal
5,cok guzel gece lambası yerine kullaniyoruz o kadar ışık beklemiyordum,normal
5,pençesi aşırı güzel tam pamuklu.Kalıbı venuaka dikişi harika.,normal
5,"Kumaşı harika, bence yıkadikten sonra da esneme olmaz. Renklerini çok sevdim. Biraz bedeni büyükmüş. O yuzden kendi bedeninizi almayı tesviye ederim. İlk aldığım M bedendi, bana buyük geldi",normal
3,Ürün atlet gibi iç gösteriyor,normal
4,kumaşı biraz İnce dikimi gayet güzel,normal
3,Kumaşını pek sevemedim ama baskısı güzel,normal
3,Bildiğiniz beyaz erkek atletin üzerine baskı basılmış kumaşı iyi değil,normal
4,pamuklu ürün salaş sevenler 1 beden büyük almalı fiyat göre alınabilir,normal
2,oversize boyle olmaz dar kesim 2XL aldim yinede istedigim gibi deil mecbur iade,normal
3,İç gösteriyor ayrıca göğsünde ki kurdele yıkayınca çıkar,normal
2,Ürün beklediğimden daha küçük geldi,normal
3,Baskı kalitesini çok beğenmedim ama giyilir
5,Doğum günü hediyesi olarak aldım.Arkadaşım çok beğendi,normal
4,Mercimek çorbası yaparken kullanıyorum. Çok ses çıkarıyor ama iş görür,normal
5,Rujun rengini beğendim.Beyaz tenli olduğum için bana yakıştığını düşünüyorum,normal
2,Kulaklık telefonuma bağlanmıyor. ,normal
5,Kız arkadaşıma aldım. Oldukça zarif bir parça,normal
5,Oyun oynarken arada ısınıyor ama performansını genel olarak beğeniyorum,normal
2,Çok kullanışlı olmamakla beraber iş görür,normal
